Rank,Tiktoker name,Tiktok name,followers,views(avg),likes(avg.),comments(avg.),shares(avg.),Month
1,mrbeast,MrBeast,60.3M,29.2M,3.5M,30.8K,7.2K,December
2,karolg,Karol G,42.4M,23.7M,3.4M,21.7K,25.7K,December
3,yzn47,ÙŠØ²Ù† Ø§Ù„Ø£Ø³Ù…Ø±,8.9M,48.9M,998.4K,16.3K,60.9K,December
4,centralcee,CentralCee,4.4M,19.8M,3.6M,23.3K,24.2K,December
5,adinross,adin,6.1M,21.1M,3.3M,17.5K,25.3K,December
6,thebrandonrobert,Brandon Robert,11.6M,13.2M,2.9M,5.7K,50.5K,December
7,mishayoung,ÐœÑ–ÑˆÐ° Ð“Ð¾Ñ€Ð¾Ð´ÐµÑ†ÑŒÐºÐ¸Ð¹ ðŸ‡ºðŸ‡¦,4.5M,21.5M,2.4M,16.3K,24.5K,December
8,yailinlamasviraloficial_,Yailin La MÃ¡s Viral,6.1M,25M,1.7M,16.6K,5.3K,December
9,daniel.labelle,Daniel LaBelle,28.4M,18.6M,1.8M,7.5K,19K,December
10,amauryguichon,Amaury Guichon,18.4M,16.2M,1.6M,7.8K,21.4K,December
11,urbantheory_,Urban Theory,19.8M,18.5M,1.9M,5.4K,16.3K,December
12,enhypen,enhypen,13.3M,5.7M,1.7M,35K,25.3K,December
13,conangray,conangray,7M,8M,2.2M,12.7K,19.3K,December
14,elissadeheart,Elissa DeHeart,2.5M,7.5M,1.9M,20.8K,15.5K,December
15,im.camber,Camber,94K,6.4M,1.2M,4.2K,37.5K,December
16,matt_rife,Matt Rife,6.1M,8.5M,1.6M,5.6K,16.1K,December
17,khaby.lame,Khabane lame,153.1M,10.6M,1.2M,20.8K,2.3K,December
18,fadiljaidi,Fadil Jaidi,9.2M,12.7M,1.7M,7.6K,4.4K,December
19,rosalia,La Rosalia,28.1M,10.6M,1.2M,6.1K,8.5K,December
20,juandamc,JuanDa.,19.7M,8.1M,2M,5.2K,5.2K,December
21,twitchtok7,tWitch,5.6M,12.1M,678.2K,11.7K,6.5K,December
22,anaraquelhz,Raquel,5.7M,6.5M,576.1K,4.3K,34.3K,December
23,karadenizli.maceraci,KARADENÄ°ZLÄ° MACERACI,1.8M,18.7M,914.1K,2.7K,5.7K,December
24,lexibrookerivera,Lexi Rivera,24.8M,11.3M,1.5M,5.6K,2.4K,December
25,hotspanishmx,HotSpanish,11.9M,11.2M,1M,6.1K,5.9K,December
26,surthycooks,Surthycooks,19.9M,11.5M,1.3M,6.3K,1.4K,December
27,nicollefigueroaa,Nicolle Figueroa,15.5M,13M,1.6M,4.2K,1.3K,December
28,nicocaponecomedy,nicocapone.comedy,24.9M,12.8M,547.3K,4.7K,11.2K,December
29,williesalim,WILLIE SALIM,20.9M,13M,888.6K,5K,3.8K,December
30,luvadepedreiro,Iran Ferreira (Lai),22.1M,14.4M,1.1M,4.4K,1.9K,December
31,kimberly.loaiza,Kimberly Loaiza,70.2M,7.7M,883.3K,8.8K,3.9K,December
32,texasgirl_nadia,N A D I A,125.7K,13.6M,914.6K,728,6.1K,December
33,slaterkodish,slaterkodish,1.6M,10.8M,1.3M,1.9K,3.9K,December
34,bayashi.tiktok,ãƒãƒ¤ã‚·ðŸ¥‘Bayashi,38.8M,10.9M,1.1M,4K,2.5K,December
35,amroqarawe,Amro Qarawe,1.2M,8.4M,490.1K,3.8K,13.3K,December
36,mohm.nabeel,mohammad.nabeel,2.1M,5.4M,383.5K,10.5K,22.7K,December
37,cedricgrolet,Cedric Grolet,3.2M,9.3M,797.6K,2.2K,6.7K,December
38,charlidamelio,charli dâ€™amelio,149M,7.8M,789.9K,6.9K,3K,December
39,dannero,Dannero,8.5M,6M,812.3K,6.7K,6K,December
40,txt.bighitent,TOMORROW X TOGETHER,19M,3M,847.2K,13.9K,9.8K,December
41,emillyvickof,Emilly Vick,13.9M,11.5M,570.2K,6.7K,2.1K,December
42,xelitobelek,xelito,1.2M,2.5M,336.7K,64.8K,192,December
43,seventeen17_official,SEVENTEEN,6.6M,2.9M,876.9K,12.1K,9.4K,December
44,amielgarciami,Ami Garcia Amiel,1.5M,9.3M,924.3K,2.3K,3.8K,December
45,noelgoescrazy,noelgoescrazy,19.5M,16.5M,668.4K,2.1K,2.7K,December
46,dylanmulvaney,Dylan Mulvaney,9.7M,4.7M,920.4K,10.4K,1.4K,December
47,ramonvitor,ramonvitor,11M,7.2M,1.4M,3.6K,1.3K,December
48,miladmirg,Milad,6.4M,11.6M,920.7K,3.6K,944,December
49,mmmjoemele,Joe Mele,24.1M,10.6M,1M,2.4K,2.1K,December
50,thezachchoi,Zach Choi,8M,9.2M,789.2K,2.7K,3.8K,December
51,thezachchoi,Zach Choi,8M,9.2M,789.2K,2.7K,3.8K,December
52,morimura,MoriMuraðŸ•,9.5M,4.8M,772.6K,5.8K,6.9K,December
53,yano4kaa.aaa,yano4kaa,4.7M,9.2M,1M,1.6K,3.1K,December
54,salzabilll_,s a l z a b i l l x ðŸ”®,8.1M,8.5M,709K,4.6K,2.4K,December
55,elpugaa,Puga,10.3M,6.7M,680.1K,2.3K,6.9K,December
56,kukombo,H,4.8M,11.4M,888.1K,3K,1.2K,December
57,brookemonk_,Brooke Monk,26.3M,8.2M,852K,3.5K,2.2K,December
58,yvesbissonsturgeonco,yves,1.2M,8.2M,320K,3K,11.8K,December
59,mewsuppasit21,mewsuppasit,1.5M,4.2M,864.8K,6.8K,3.2K,December
60,therock,The Rock,64.3M,3.6M,626K,8K,7.8K,December
61,elina_karimovaa,ðŸšElina_ë¦¬ë‚˜ëŒ€ìž¥ë‹˜ðŸ¤,12.7M,7.2M,783.6K,3.1K,3.2K,December
62,bigchungus.tik,BigChungus,9.2M,10.3M,909.6K,2.5K,1.3K,December
63,domelipa,domelipa,62M,5.8M,779.9K,5.3K,2.5K,December
64,mikaylahau,Mikaylah,5.8M,6.1M,415.6K,10.3K,3.3K,December
65,mrnigelng,Nigel Ng (Uncle Roger),7.3M,4.6M,676.6K,3.1K,6.8K,December
66,jakefresca,Fresca Fresh,387.5K,3M,560.7K,3.8K,14.2K,December
67,bellaamtz,Bella,1M,5.5M,813.5K,3K,3.4K,December
68,guiedits_,guieditss,149.6K,3M,653.9K,3.2K,11.4K,December
69,niallhoran,Niall Horan,4.8M,2.2M,701K,9.2K,9.3K,December
70,shellyclouds,Shelly Clouds,1.5M,11.1M,695.5K,506,3.1K,December
71,jayandsharon,Jay & Sharon,2.4M,4.2M,488.6K,2.1K,11.4K,December
72,kane,kane,3.2M,4.6M,685.4K,2K,6.3K,December
73,future_millionaires,Future Millionaires,754.8K,5.7M,790.2K,4.1K,1.7K,December
74,kyliejenner,Kylie Jenner,50.4M,7.5M,793.1K,2.8K,1.6K,December
75,rubentuestaok,Ruben Tuesta,25.4M,5.7M,648.5K,1.9K,5.1K,December
76,ferxxo444,Feid,5.5M,3.6M,715.7K,2.9K,6.6K,December
77,onwardwanna,WannaðŸ¥Š,8.4M,4.7M,827.1K,4.8K,1.4K,December
78,montpantoja,Montpantoja,36.9M,7M,1.2M,2K,1K,December
79,nekoglai,ÐÐ¸ÐºÐ¾Ð»Ð°Ð¹,10M,4.7M,440.5K,9.3K,2.4K,December
80,esnyrrr,Esnyr,6M,5.1M,813.8K,2K,3.7K,December
81,skythedogtrainer,skythedogtrainer,31.4K,14M,1.2M,678,705,December
82,mclomaofficiall,mclomaofficial,6M,6.7M,1M,2.2K,1.2K,December
83,lechilinh88,LÃª ChÃ­ Linh,4.1M,7.5M,513.3K,4.4K,1.3K,December
84,pongamoslo_a_prueba,PongÃ¡moslo a Prueba,38.2M,7.5M,898.8K,1.8K,1.6K,December
85,nianaguerrero,Niana Guerrero,35.1M,7.9M,725.8K,2.1K,1.8K,December
86,druskitv,DRUSKI,3.8M,2.8M,533.6K,4K,10.4K,December
87,jaykindafunny8,Jaykindafunny,25M,8.4M,582.8K,2.1K,2.2K,December
88,zodiac.boyfriend,Zodiac BoyfriendðŸªðŸ”®,2.7M,4M,386.7K,7.4K,5.9K,December
89,andrewlepage23,Andrew Le Page,209K,4.4M,390.3K,3.6K,7.8K,December
90,pandkourt,Kourtney-Penelope,5M,10.1M,846K,0,2.3K,December
91,pinkpantheress,ðŸ˜˜ðŸ™ˆâ˜ºï¸,1.7M,3.4M,732.4K,5.8K,1.7K,December
92,bellapoarch,Bella Poarch,92.6M,6M,482.2K,4.8K,1.5K,December
93,thethinktok,The Think Tok,782.4K,2.8M,284.6K,5.1K,18.2K,December
94,livvy,Olivia Dunne,6.5M,4.9M,550.8K,4.6K,2.1K,December
95,falcopunch,Falco,13.2M,3.7M,522.6K,4.8K,4.4K,December
96,vibin.wit.tay,Tay,5.4M,2.5M,486.4K,3.2K,11.4K,December
97,swagboygorringe,Daniel Gorringe,7M,3.1M,347.2K,6K,10.5K,December
98,sadiafza,Sadia,2.7M,5.3M,749K,2.2K,2.1K,December
99,ryanbakery,ð™ð™®ð™–ð™£ð˜½ð™–ð™ ð™šð™§ð™®,3.2M,3.8M,466.8K,4.3K,5.2K,December
100,zachking,Zach King,72.1M,11.5M,466.4K,1.6K,1.5K,December
101,docdami,Doc Dami,4.1M,4.7M,759.1K,2.2K,2.3K,December
102,mdmotivator,Zachery Dereniowski,11.3M,4.9M,834.2K,2.7K,1.2K,December
103,cool__bad,Kuan - Aisha ðŸ”Ž,2.8M,9.4M,565.4K,1.7K,1.2K,December
104,kallmekris,Kris HC,47.6M,3.6M,715.5K,3.8K,2.1K,December
105,angelaaguilar_,Angela Aguilar :),10.7M,5.4M,469.8K,2.3K,3.6K,December
106,joshtgodfrey,Josh Godfrey,1.1M,3.7M,464.6K,3.9K,4.7K,December
107,kieram.litchfield,Kieram Litchfield,2.3M,5.9M,708.8K,2.2K,1.2K,December
108,kervo.dolo,Kervo.dolo,10.5M,3.1M,515.7K,3.1K,5.7K,December
109,winnermaxyt,WinnerMax,7.1M,6.4M,421.5K,1.7K,3.4K,December
110,olisboa,LISBOA,3.9M,4.3M,740.3K,1.1K,3K,December
111,imeyhou,Meyden,5M,4.8M,802.4K,2.7K,658,December
112,lilireinhart,Lili Reinhart,5.6M,4.2M,602.9K,1.8K,3.3K,December
113,therealemilylin,Emily Lin,238.9K,5.2M,655.3K,3.5K,258,December
114,nourmar5,nourmar5,14.7M,3.1M,190.4K,10K,11.6K,December
115,selenagomez,Selena Gomez,44.9M,4.5M,545.6K,3.7K,1.3K,December
116,kumulator,KumulÃ¡tor zÃ¡bavy,123K,2.3M,207K,4.6K,20.8K,December
117,spencer_serafica,Xspencer,14.1M,4.2M,497.6K,3.7K,2.1K,December
118,jesusnalgas,JESUSNALGAS,3.9M,3.4M,325.9K,4.3K,6.3K,December
119,makeup_rhk,makeup_rhk,860.3K,4.3M,812.8K,556,2.8K,December
120,duncanyounot,Duncan Joseph,4.4M,2.9M,560.1K,2.7K,4.2K,December
121,sijad_qasim,Ø³Ø¬Ø§Ø¯ Ù‚Ø§Ø³Ù…,2.3M,5.9M,171.6K,4K,6.9K,December
122,lance210,Lance Stewart,22.7M,4.2M,420K,1.8K,4.3K,December
123,ivanaalawi,Ivana Alawi,8.6M,5.9M,606.5K,2K,956,December
124,muluerror,"Nama gue Rian, tp bkn babayo",672.8K,6.1M,395.6K,2.1K,2.3K,December
125,millennialmonroe,Mandy,112.1K,4.8M,270.4K,1.6K,6.4K,December
126,whatslucasup2,Lucas Peterson BMX art,467.7K,3.6M,301.7K,3.3K,5.9K,December
127,willsmith,Will Smith,73M,4.7M,514.6K,2.2K,2K,December
128,marisol.viola,marisol viola,1.5M,2.4M,411.2K,3K,7.3K,December
129,nicolebloomgarden,Nicole Bloomgarden,675.6K,2.3M,451.3K,1.9K,7.7K,December
130,thelondoncharles,London Charles,6.9M,3.3M,598.9K,3.5K,1.5K,December
131,jimmydarts,Jimmy Darts,9.8M,4.3M,607.7K,2.9K,894,December
132,antourny,Antony Santos,2.6M,4.8M,527.4K,3K,788,December
133,thallyssonsb,Thallysson Borges,11.6M,2.7M,372K,3.7K,5.7K,December
134,itsblasphemus,ðŸ—£ðŸ“±itsblasphemus,994.5K,3.1M,383K,2.4K,5.6K,December
135,yerimuaa,Yeri MUA,5.3M,7.3M,645.7K,1.4K,485,December
136,raredoodle,rare doodle,2.1M,3.1M,425K,3.1K,3.9K,December
137,hf37777,à¼Šà·´Ù†Ø¬ÙÙ…Ù€ Ø§Ù„ÙØ«Ù€Ø±ÙÙŠÙŽØ§Ø¡ã€„à¿,801.5K,1.3M,85.2K,4.3K,80.4K,December
138,brentrivera,Brent Rivera,45.8M,4.6M,557.4K,2.3K,1.2K,December
139,tifannylm,âš¡ï¸TEF,9.3M,5.8M,709K,972,1.2K,December
140,alexisomman,Alexis Omman,11.5M,2.7M,403.7K,6.5K,1.6K,December
141,theofficecurrently,The Office Currently,308K,2.2M,172.1K,1.3K,22.4K,December
142,keniaos,KeniaOs,16.6M,3.2M,515K,3.3K,2K,December
143,ali.klose11,Ø¹Ù„ÙŠ ÙƒÙ„ÙˆØ²Ù‡,2.4M,3.4M,357.5K,5.1K,2K,December
144,alexwaarren,Alex warren,15.6M,5.2M,854.6K,1K,902,December
145,bilalahy,Bilal,4.2M,3.2M,497.7K,2.2K,3.1K,December
146,ferchugimenez,Fernanda,8.2M,4.7M,825.8K,1K,1.2K,December
147,the.sign.guy,Austin Mollno,7.2M,4.6M,660.7K,2.1K,571,December
148,therealhammytv,TheRealHammyTV,16.1M,6.4M,227.3K,1.3K,4.4K,December
149,bu3qeel,abu aqeel ðŸ™†ðŸ»â€â™€ï¸,1.2M,4.1M,217.2K,3.9K,5.3K,December
150,attahalilintar,Atta Halilintar,13.3M,5.2M,448K,1.9K,1.5K,December
151,thekapelariz,The Kapelari Family,2.5M,2.8M,253K,4.6K,6.7K,December
152,zusjeofficial,ZUSJE,8.3M,6.1M,334.6K,2.7K,1.2K,December
153,jaxwritessongs,Jax,12.9M,3.3M,433.4K,4.6K,876,December
154,luismariz,Luis Mariz,12.7M,7M,555.6K,648,1.4K,December
155,pablitocastilloo,pablitocastilloo,6.4M,2.7M,269.1K,1.7K,9.1K,December
156,jvke,JVKE,9.9M,2.7M,517.8K,2.8K,2.7K,December
157,jombospice,JOMBOSPICE,9.8M,5.6M,648.9K,1.6K,554,December
158,julieevlorentzen,julie,4.2M,4.8M,634.8K,2K,547,December
159,adamw,Adam W,17.7M,4.1M,322K,2K,3.8K,December
160,garett__nolan,Garett Nolan,13.4M,2.7M,351.3K,2.9K,5.2K,December
161,ayesebastien,Sebastien,8.1M,2.8M,550.5K,1.9K,3K,December
162,la_lerma,LERMITA,13.4M,3M,567.4K,2.1K,2.2K,December
163,soysuco,Soysuco,14M,3.7M,373.9K,4.7K,652,December
164,lyodrabeneran,Lyodra Ginting,2.5M,4.3M,558.1K,1.9K,1.2K,December
165,pietro_morello,Pietro Morello,3.1M,6.6M,464.4K,1.5K,889,December
166,_andrewcurtiss,Andrew Curtis,2.9M,2M,408.8K,5.8K,3.1K,December
167,good.boy.ollie,Good Boy Ollie,5.2M,2.2M,398.1K,2.6K,5.5K,December
168,shxtsngigs,ShxtsNGigs Podcast,5.9M,2.6M,467.2K,1.1K,4.6K,December
169,addisonre,Addison,88.7M,5.3M,304.9K,2.4K,2K,December
170,chriscoquyt,Chris Coquyt,136.2K,2.4M,353.8K,3.6K,4.6K,December
171,hisoyvaleria,valeria ðŸ–¤,9.9M,3.9M,454.1K,1.6K,2.3K,December
172,joaoferdnan,JoÃ£o Ferdnan,8.8M,2.3M,274.6K,4.1K,6.9K,December
173,graciajessicajane,Jessica JaneðŸŒ™,11.6M,4.9M,510.4K,1.9K,806,December
174,sabrenorris,Sabre Norris,3.8M,3.1M,321.1K,6.3K,584,December
175,official_nct,NCT Official,9.2M,2.3M,572.5K,3.3K,1.9K,December
176,ustazebitlew,Ebit Lew,4.6M,2.7M,213.1K,6K,5.6K,December
177,sromero29,Samuel29,599.1K,1.7M,112.9K,887,34.4K,December
178,augustogimenez,AugustoGimenez,15M,5.3M,653.5K,1.3K,528,December
179,grannybibbins,Granny,944.8K,1.5M,162.2K,1.7K,24.6K,December
180,jairsanchezzz,Jair Sanchez,8M,2.1M,349.8K,2K,6.7K,December
181,k0uvr,Kouvr,14M,4.3M,616.5K,954,1.4K,December
182,katjakrasavice,KatjaKrasavice,2.8M,1.9M,255.5K,11.4K,1.4K,December
183,janneksplace,Janneksplace,2M,2.7M,334.2K,5.4K,1.6K,December
184,allanpendong4,Allan Pendong,130.2K,3.5M,245.3K,4.1K,3K,December
185,aureliehermansyahatta,Aurelie Hermansyah,9.8M,5.8M,351.5K,1.9K,1K,December
186,kulinaria.recetas,AGUS LIPORACE,4.5M,2.2M,299.6K,281,8.6K,December
187,areyoukiddingtv,AreYouKiddingTV,5.7M,4.8M,665.7K,1.4K,385,December
188,faryanggaa,Ryann,6.1M,3.5M,470.5K,2.3K,1.2K,December
189,_lilg4,LIL Gâ­ï¸,3M,2.6M,406K,2.7K,2.7K,December
190,_angelomarasigan,Angelo,4M,4M,564.8K,1.7K,833,December
191,adamalhidayat,ADAMALHDYT,3.8M,5.7M,472.2K,1.1K,1K,December
192,larissagloor,ð—Ÿð—®ð—¿ð—¶ð˜€ð˜€ð—® ð—šð—¹ð—¼ð—¼ð—¿,4.2M,3.6M,418.7K,2.4K,1.4K,December
193,bomanizer,Bomanizer,1.9M,1.9M,381.1K,2.3K,5.4K,December
194,miakhalifa,Mia K.,36.6M,3.9M,227.2K,4.9K,1.4K,December
195,jacobday,Jacob Day,6.5M,2.5M,476.2K,3.5K,1.1K,December
196,matheuskriwat,Matheuskriwat,11.2M,3.7M,236.2K,5.8K,523,December
197,calebwsimpson,CALEB SIMPSON,6.5M,4.5M,449.9K,1K,1.7K,December
198,cheekyboyos,the cheeky boyos,11M,3.8M,475.2K,1.8K,1.2K,December
199,oliviergiroud,Olivier Giroud,1.3M,2.7M,452.5K,2.7K,1.8K,December
200,vincentgiganteee,Vincent Gigante,2.6M,3.3M,607.7K,1K,1.7K,December
201,thebenjishow,benji,6.2M,2.8M,458.3K,1.3K,2.9K,December
202,joaodoce,Joao Doce,3.3M,3.4M,352.9K,2.8K,1.7K,December
203,andrea.dvrs,DapaneyðŸ¦‹,2.6M,5.2M,526.1K,1.3K,709,December
204,officialbhafc,Brighton & Hove Albion FC,600.3K,4.6M,389K,2.2K,729,December
205,claudiaraia,Claudia Raia,2.8M,3.2M,446.1K,2.6K,1.1K,December
206,elsaucepapii,SaucePapii22,1.5M,2.4M,219.9K,684,9.3K,December
207,werenotreallystrangers,WNRS,4.8M,2M,315.9K,2.8K,5.4K,December
208,marianagrimaldii,La NiÃ±a Fresa ðŸ“,3.8M,4.5M,414K,636,2.2K,December
209,qamar_altaey,ð‘„ð´ð‘€ð´ð‘…,4.4M,2.1M,238.4K,3.8K,6.9K,December
210,melmaia,Mel Maia ðŸ¯,14M,4.8M,476.6K,1.2K,1.1K,December
211,outtpig,OuttPig,2.4M,2.3M,431.9K,1.5K,3.7K,December
212,edgar3104,Edgarmendez,5.7M,6.8M,284.8K,1.7K,958,December
213,christianchavezreal,Christian ChÃ¡vez,1.7M,2.2M,336.4K,3.9K,3K,December
214,championsleague,Champions League,20.3M,2.8M,474K,1.9K,2K,December
215,gordonramsayofficial,Gordon Ramsay,35.6M,4.6M,388.2K,2.3K,613,December
216,dixiedamelio,dixie,57.5M,4.7M,356.6K,2.1K,923,December
217,maxtaylorlifts,Max Taylor,9.4M,3.2M,440.8K,2K,1.6K,December
218,oironyoliveira,Kbuloso ðŸ˜ˆ,7.1M,1.5M,132K,412,25K,December
219,marko,marko,11.2M,2.3M,275.3K,3.4K,4.6K,December
220,dinosonso_ofc,DinoSonso,8.8M,2.5M,194.1K,4.4K,5.9K,December
221,firmanskd,ð™†ð™Šð˜¾ð˜¼ð™‰,3.1M,2.2M,174.6K,632,12.3K,December
222,oficialrc3,Roberto Carlos,3.6M,5.1M,397K,901,1.5K,December
223,danythegaggio,Daniele Cabras,3.5M,2.4M,290.7K,1.6K,5.6K,December
224,tina_042,ð’¯ð’¾ð“ƒð’¶,1.3M,2.4M,504.9K,2.1K,1.9K,December
225,pedroallann,Pedroca,2.9M,2.3M,422.5K,2.5K,2.4K,December
226,piffpeterson,piff peterson,3.9M,3.3M,379.5K,1.5K,2.3K,December
227,jongmineyo,ì¢…ë¯¼ì˜¤ë¹   Jongmin oppa,15.2M,4.3M,275.3K,1.8K,2.2K,December
228,jumpersjump,Jumpers Jump Podcast,8.4M,3.7M,351.9K,2.2K,1.6K,December
229,piitien1603,pi tiÃªn â„¢,1.7M,3.8M,288.3K,2.2K,2.1K,December
230,gehu.gl,Gerson Garcia,573.3K,2M,129K,1.9K,16.5K,December
231,mesitaaa,Mesita,486.9K,3.2M,550.7K,947,1.7K,December
232,szivsz,Ziva Magnolya,2.1M,4.3M,479.7K,1.4K,857,December
233,dilanjaniyar,Emang namanya Dilan,2.2M,4.1M,393.6K,1.8K,1.2K,December
234,fernandamotafarhat,Fe,7.3M,3.3M,349.3K,733,3.3K,December
235,stickyboy69,stickyboy69,9.2M,1.3M,298.7K,9.1K,2.8K,December
236,juliagisella,juliagisella,13.5M,3M,377.1K,2.4K,1.6K,December
237,mieayamthebstt,UnaaðŸœ,17M,3.1M,339.9K,2.6K,1.8K,December
238,frankielapenna,Frankie LaPenna,5.7M,6.8M,227.9K,1.2K,1.8K,December
239,jdpantoja,JD Pantoja,31.9M,2.5M,451.1K,3.3K,784,December
240,davidcstt_,David Costa,6.2M,3M,514K,1.7K,1.2K,December
241,badboyrema,Rema,2.7M,3.1M,421K,2.6K,894,December
242,simxmargo,Seamoan {1M+},1M,2.4M,493.1K,2.1K,1.7K,December
243,elainebabey,ELAINEBABEY,142.8K,1.7M,280.4K,3.6K,5.9K,December
244,chinguamiga,Chingu Amiga,20.7M,4.2M,566.2K,1.5K,393,December
245,siscakohl,Sisca Kohl,13M,4.4M,369.1K,1.9K,716,December
246,santiperezvivas,Santi Perez,3.5M,2.5M,450.9K,1.4K,2.5K,December
247,jessnolimit999,Jess No Limit,6.9M,4.1M,379.5K,2.2K,536,December
248,b.blek,b.blek,3.3M,3.1M,244.6K,2.2K,3.5K,December
249,jacksepticeye,Jacksepticeye,5M,2.3M,476K,2.7K,1.1K,December
250,saramohannad_,Sara,9M,3.6M,220.7K,3.7K,1.6K,December
251,andrewrousso,Andrew Rousso,2.8M,1.1M,245.8K,2K,13.4K,December
252,murphslife,Aaron Murphy,6M,1.9M,250K,4.7K,3.9K,December
253,haileesteinfeld,Hailee Steinfeld,3.6M,1.6M,273.9K,7K,2.2K,December
254,abir.sag,Abir el saghir,18.9M,3.2M,236K,4.2K,1.1K,December
255,paytonking,Payton King,5.3M,1.7M,388.2K,2.7K,3.4K,December
256,winniedom,Winnie Dominguez ðŸŒ»,499.7K,1.8M,305.5K,2K,5.2K,December
257,lukas.urkijo,Lukas urkijo,2M,2M,422K,3.4K,1.3K,December
258,nia.ramadhani.bakrie,Nia Ramadhani Bakrie,2.1M,4.1M,337.1K,1.6K,1.2K,December
259,fredziownik_art,Franek Bielak,12.9M,6.7M,300.2K,1.6K,340,December
260,fedez,fedez,5.9M,2.6M,381K,1.5K,2.6K,December
261,ser_jay,Hello Itâ€™s me SerJay,5.6M,2M,303.1K,2.1K,4.3K,December
262,ketnipz,Ketnipz,5.3M,1.7M,274.1K,558,7.7K,December
263,cookingwithlynja,Lynja,14.5M,1.9M,193.5K,10K,429,December
264,katiavlogss,KATIAVLOGSðŸ’,15.1M,4.8M,552.9K,571,872,December
265,cbum,Chris Bumstead,3.8M,3M,231.5K,983,4.4K,December
266,recider,Recider,2.2M,2.1M,546.4K,1.1K,2.2K,December
267,moosenyc2,moose,1M,3M,388.1K,1.2K,2K,December
268,linatejeiro8,Lina Tejeiro,4.6M,3.7M,311.7K,1.8K,1.4K,December
269,jakehunterofficial,Jake hunter,3.7M,3.4M,270.3K,2K,2K,December
270,dylan.page,Dylan Page,4.9M,1.9M,278K,4.2K,2.7K,December
271,nurse.johnn,nurse.johnn,3.3M,1.6M,226.7K,1.2K,8.8K,December
272,lilnasx,lil nas x,29.1M,2.6M,371.1K,2.2K,1.5K,December
273,catherineealicia,catheez,2M,3.2M,362.1K,1.8K,1.3K,December
274,aleatoriamente7777,Gabriel Aleatoriamente,2M,1.5M,353.6K,5.1K,1.6K,December
275,isaac.h.p.karaoke.backup,Isaac H.P Karaoke Backup,2M,1M,225.5K,6.4K,9.4K,December
276,aydas,Aydas,14.9M,4.5M,326.4K,1.8K,558,December
277,anokhinalz,Ðnokhina Liza,39M,4.1M,406.6K,1.8K,294,December
278,bryan_skabeche,Bryan SKabeche,7.2M,4.9M,485.5K,987,486,December
279,wuesilva,Wue Silva,14.3M,3M,305.4K,1.4K,2.5K,December
280,daviddobrik,DAVID DOBRIK,26.4M,3M,423.7K,884,1.9K,December
281,victtoriamedeiros,VicttÃ³ria Medeiros,8.7M,2.8M,337.1K,1.2K,2.5K,December
282,datvilla94,ðŸ”¥Äáº¡t VillaðŸ”¥,7.3M,1.7M,200.7K,6.6K,3.8K,December
283,cody.taurus,Cody Taurus,740.6K,1.3M,155.5K,1.4K,15.3K,December
284,anwar,Anwar Jibawi,13.1M,2.3M,310.7K,2.4K,2.3K,December
285,marlene2995,Marlenebenitez,12M,4M,305.7K,1.4K,1.4K,December
286,jkartsoccer_tiktok,JKartsoccer,1.5M,5.8M,288.9K,813,1.2K,December
287,bellacampox,Bella Campos,786.4K,2.5M,372.4K,2.3K,1.4K,December
288,lionfieldmusic,lionfield,5.9M,2.6M,294.9K,2.9K,1.6K,December
289,andrefernm,AndrÃ© Fernandes,387.3K,888.5K,111.9K,5.7K,28.3K,December
290,mandrake1984real,Giuseppe Mandrake Ninno,1.6M,2.1M,250.4K,1.1K,5.2K,December
291,elena_oki,Elena,1.3M,2M,352.2K,1.5K,3.2K,December
292,prokhozhy,Ð’Ð¸ÐºÑ‚Ð¾Ñ€ ÐŸÐ°Ðº,1.4M,1.8M,161K,1.7K,9.4K,December
293,tangmokoko,à¹à¸•à¸‡à¹‚à¸¡ à¹‚à¸à¹‚à¸à¹‰à¸›à¸±à¹ˆà¸™,1.1M,3.2M,445.7K,707,1.6K,December
294,haileybieber,Hailey Bieber,10.5M,3.3M,398.5K,1.5K,972,December
295,mackenzieziegler,Mackenzie Ziegler,22.4M,4.4M,694.3K,700,369,December
296,canalzezao,ZezÃ£o,7.7M,2M,166.5K,2.2K,7.7K,December
297,francoescamillaofficial,Franco Escamilla,18.3M,3.1M,372.2K,498,2.3K,December
298,agnesmelo_oficial,Agnes Melo,6M,3.7M,410.9K,1.1K,1K,December
299,shenacinnamon,Shenina Cinnamon,598K,6.4M,478.2K,542,499,December
300,inpersa16,Indah permatasari,2.3M,3.9M,295K,1.6K,1.1K,December
301,smtown_official,SMTOWN,2.8M,1.8M,379.6K,2.9K,1.8K,December
302,ive.official,IVE.official,3.6M,1.8M,334.3K,4K,1.3K,December
303,jostyle_17,Jostyle17,1.6M,2.4M,290.4K,1.1K,3.5K,December
304,unnecessaryinventions,Unnecessary Inventions,6M,3.1M,303.1K,2.5K,876,December
305,felipenpv,Felipe Paiva,5M,2M,361K,2.5K,1.8K,December
306,itskingchris,KingChristian,18.3M,2.1M,386.3K,2.6K,1.3K,December
307,jackjos3ph,Jack Joseph,3.4M,1.7M,258.6K,3.1K,3.9K,December
308,leleburnier,LELÃŠ BURNIER,2.7M,1.8M,424.3K,3.3K,777,December
309,theacefamily,Theacefamily,6.5M,4.1M,521K,0,1.4K,December
310,vilmeijuga,VILMEIâœ¨,21.4M,3.3M,267.5K,2.1K,1.4K,December
311,divabry,âšœï¸DIVABRYâšœï¸,4.3M,2.9M,369.9K,1.5K,1.3K,December
312,jeffwittek,jeff,2M,3.9M,496.8K,526,1K,December
313,oli_natu,Oli Natu,11.2M,2.8M,361.8K,1.5K,1.5K,December
314,erictro,Eric Tro,4.9M,3.6M,397.5K,560,1.5K,December
315,mozzacella.cheez,Mozzarella Cheese,69K,2.1M,281.4K,4K,1.1K,December
316,jubiandxian,jubiandxian,6.4M,2.8M,486.9K,1.1K,1.1K,December
317,shamichef21,Shamichef,2.6M,3.7M,113.6K,2K,5.1K,December
318,arigameplays,AriGameplays,23.6M,2.9M,415.8K,1.6K,897,December
319,dudamaryah,dudamaryah,6.8M,2.4M,435.5K,1.5K,1.3K,December
320,camilo,Camilo,29.6M,4.1M,417.9K,1.2K,520,December
321,shakira,Shakira,27.3M,3.1M,305.8K,2.3K,747,December
322,axelwebber,Axel,4.4M,2.8M,384K,1.7K,1.1K,December
323,katelynrosebrown,KatelynBrown,1.9M,3.3M,375.7K,1.4K,1K,December
324,kaansanity,aakaanksh,5M,3.3M,159.9K,1.5K,4K,December
325,andresgjohnson,Andres Johnson256,4.7M,1.9M,237.6K,1.1K,5.5K,December
326,zhcyt,ZHC,15.4M,3.3M,466K,1.5K,410,December
327,cedriklorenzen,Cedrik Lorenzen,3.2M,1.3M,180K,3.6K,8.4K,December
328,emiliamernes,EMILIA,5M,3.9M,403.3K,869,920,December
329,tooturnttony,Tooturnttony,18.8M,2.9M,340.9K,2.3K,513,December
330,moisesturcioss,Moises Turciosâ“‚ï¸,1.2M,1.9M,115.9K,1.7K,10.8K,December
331,marcel.ruiz,Marcel Ruiz,303.1K,1.5M,374.5K,3.3K,1.7K,December
332,pakoyaso_,Pakoyaso,14.5M,4.2M,500.1K,758,574,December
333,phuonganhcun97,LÃª PhÆ°Æ¡ng Anh,1.6M,4M,314K,1.7K,520,December
334,emrata,Emrata,2.1M,3.4M,323K,867,1.6K,December
335,ygnazz,NAS,2.5M,2.2M,318.9K,1.7K,2.3K,December
336,twice_tiktok_officialjp,TWICE JAPAN OFFICIAL,4.8M,1.3M,276.5K,4.8K,2.9K,December
337,syifahadjuuuuuuu,Syifa Hadju,4.1M,3.3M,473.8K,1.2K,513,December
338,xule079,XÃ¹ LÃ¨O,1.8M,5.3M,235.1K,2K,213,December
339,vanessalopesr,Vanessa Lopes,26.9M,2.9M,275.6K,2.2K,1.3K,December
340,fahmi.nm,Fahmi,8.8M,3.3M,437.7K,1.2K,759,December
341,postmalone,Post Malone,14.4M,1.6M,221K,2.8K,4.9K,December
342,kekepalmer,Keke Palmer,7M,1.8M,313.9K,2.2K,2.6K,December
343,mrcaqui,Facundo Izquierdo,7.1M,1M,294.1K,1.5K,7.4K,December
344,madelineargy,madz,3.3M,3.2M,574.8K,976,463,December
345,los_chicaneros,Los_chicaneros,5.2M,2.3M,235.4K,1.5K,3.4K,December
346,kaelimaee,kaeli mae,12.4M,3.2M,435.9K,1.1K,786,December
347,sara.wais,Sara Waisglass,4.4M,2.4M,502K,1.7K,481,December
348,anas_elshayib,Ø§Ù†Ø³ Ø§Ù„Ø´Ø§ÙŠØ¨,4.6M,3.5M,182.4K,2.3K,1.7K,December
349,jjeverettrose,Jake Joseph Everett-Rose,4.3M,2.3M,375.1K,1.6K,1.5K,December
350,sauud_70,Ø³Ø¹ÙˆØ¯ Ø§Ù„Ù‚Ø­Ø·Ø§Ù†ÙŠ,2.7M,3.3M,111.7K,5.6K,1.4K,December
351,simonservidamusic,simonservidamusic,126.4K,2.3M,252K,1.8K,2.7K,December
352,itstaylerholder,Tayler Holder,20M,4.8M,301.2K,1.2K,601,December
353,rafaelsantos,Rafael Santos,19.4M,2.8M,417.3K,1.7K,497,December
354,poorlifecx,Poorlifecx,1.3M,4M,160.6K,1.9K,2.1K,December
355,retomiguel,Jen & Miguel,3.2M,2.4M,267.8K,564,3.5K,December
356,johnsonfiles,The Johnson Files,296.6K,1.6M,181.5K,476,8.3K,December
357,yura.yunita,Yura Yunita,1.1M,2.7M,340.6K,1.6K,1.2K,December
358,islasvlogs_,Islas Vlogs,2.8M,4.1M,445.1K,740,638,December
359,cardncyn,Carddd,4.9M,4M,589.2K,682,383,December
360,pkllipe,Pk,20.1M,2M,422.2K,1.2K,1.7K,December
361,gregoriopernia,gregorioperniaoficial,5M,3M,195.4K,2.5K,1.7K,December
362,adrianbliss,Adrian Bliss,7.6M,2.8M,444K,576,1.4K,December
363,joycaledelire,JoycaLeDelire,3.6M,2M,325.6K,1.6K,2.2K,December
364,andy.and.michelle,Andy & Michelle,6.1M,2.7M,328.5K,1K,1.8K,December
365,nalgalia.g,natiðŸ‘½,15.8M,5.6M,393.3K,666,449,December
366,libardoisaza,Libardo Isaza,20M,4M,455.1K,1K,350,December
367,tonyeffebaby777,tonyeffebaby777,674.5K,2.2M,304.6K,1.3K,2.3K,December
368,avascreams,ava,1.3M,1.8M,367.7K,2.7K,956,December
369,febrastanty,Febbyrastanty,1.2M,4.6M,250K,1K,1.1K,December
370,leigh_mcnasty,Leigh McClendon,3.6M,1.5M,175.6K,1.6K,7.5K,December
371,yazidzohri,Yazid Zohri,2.8M,1.5M,96.1K,14.2K,2.3K,December
372,jaynagy,JAY JAMES NAGY,8.8M,1.3M,171.8K,601,9.8K,December
373,viraltvro,Viral Videos,249.7K,3.7M,111.8K,927,4.8K,December
374,yurinya1128,ã‚†ã‚Šã«ã‚ƒ,795.5K,4M,194.7K,2.1K,887,December
375,kehlani,Kehlani,4.1M,2.2M,320.5K,1.9K,1.5K,December
376,jameshenry,James Henry,4.1M,4.9M,446.2K,424,640,December
377,mdrr05,ðŸ‡©ðŸ‡¿Ù…Ø±ÙˆØ§Ù† Ø§Ù„Ø¨Ø§ØªÙ†ÙŠðŸ˜‚,3.2M,2.4M,125.9K,1.6K,6.2K,December
378,e_l_k_s_a_7_a,ðŸ”± Ø§Ù„ÙƒØ³Ø§Ø­Ù‡ ðŸ”±,7.5M,2.2M,245.4K,2.4K,1.9K,December
379,pete_pamana,petepamana,3.3M,1.9M,225.6K,3.6K,1.6K,December
380,suavexavier,Savyy,13.4M,1.9M,312.7K,2.4K,1.4K,December
381,voronina_valeria_,Valeria Voronina,4.2M,4.9M,278.1K,969,698,December
382,anna..paull,Anna Paul,5.8M,2.7M,460.4K,1.5K,326,December
383,jairitosolano,jairito,2.3M,4.4M,306.3K,674,983,December
384,axelviewoficial,AxelView,4.2M,1.8M,186K,999,5.6K,December
385,kallmewhateveryouwant,kallmewhateveryouwant,11.7M,1.9M,362.8K,2.8K,415,December
386,dennysumargoreal,DENNY SUMARGO,3.8M,4.2M,217.6K,1.6K,832,December
387,barak.ff,Barak.ff,234K,1.6M,178.9K,5.2K,2.4K,December
388,thelandofboggs,The Land Of Boggs,6M,2.5M,350.9K,518,2K,December
389,isramy,Ramy Chaaban,3.8M,2.2M,314.4K,1.5K,1.6K,December
390,agilmarferreira,Agilmar Ferreira,1.6M,3M,225.1K,627,2.6K,December
391,rauwalejandro,rauwalejandro,12.7M,4.3M,215.2K,1K,1.3K,December
392,t_400,Ø¬ÙˆÙ‚ÙŠðŸ’š,4.2M,2.1M,212K,2.9K,1.9K,December
393,sarbeeston,Sarah Beeston,4.2M,3.1M,316K,1.6K,541,December
394,herranwalt,Herr Anwalt,6M,1.9M,262.4K,2K,2.3K,December
395,2ndshuichiro,2nd ä¿®ä¸€æœ—,376.4K,4M,126.8K,922,3.3K,December
396,elbernas321,BernaVeo2010,2.5M,1.1M,121.7K,471,15.4K,December
397,lisefalfio,Lisef Alfio,2M,2.3M,217.3K,847,3.4K,December
398,strangehuman,nova,11.4M,2.3M,322.2K,1.4K,1.5K,December
399,yurilamasbella,Yuri Lamasbella,2.8M,1.7M,191.6K,2.7K,3.8K,December
400,darrellthorne,Thornedarrell,911K,2.3M,254.1K,1.3K,2.3K,December
401,farhanrn__,FARHAN,5.9M,2.4M,331.8K,1.5K,1.1K,December
402,self.videos,self.videos,723.3K,3.7M,472.7K,694,488,December
403,cindy.or1,cindy.or,132.5K,1.7M,416.1K,1.2K,1.7K,December
404,iniganta,Ganta ðŸ®,1.7M,2.3M,195.5K,3K,1.6K,December
405,morganpresleyxo,Morgan Presley,5.5M,2.4M,389.6K,744,1.4K,December
406,johaanzu,JohaanZu,4.4M,2.5M,319.6K,1.3K,1.2K,December
407,minami.0819,ðŸ¦„ðŸ’™MINAMIðŸ’™ðŸ¦„,1.8M,1.2M,161.9K,8.8K,1.6K,December
408,thebandmcmillan,The Band McMillan,896.9K,2.5M,212.6K,1.7K,2.1K,December
409,lee.cuong,Lee CÆ°á»ng,1.2M,3.9M,151.3K,1.9K,1.5K,December
410,cesarpantoja.n,Cesar Pantoja,15.2M,3.5M,391.5K,1.2K,266,December
411,zachlanebryan,Zach Bryan,1.3M,958.4K,212.8K,2.4K,7.3K,December
412,mattchessco,Matt Chessco,2.7M,15M,151.3K,656,213,December
413,losariasbrothers,Los Arias,1.6M,1.8M,261K,637,3.7K,December
414,karna.val,ðŸŽ€ÐšÐÐ ÐÐÐ’ÐÐ›ðŸŽ€,24.8M,2M,196.4K,3.1K,2K,December
415,jdiasss_,JoÃ£o Dias,8.2M,1.7M,382.3K,1.8K,1.2K,December
416,realfunnymarco,FunnyMarco,1.8M,1.2M,154K,2.5K,7.8K,December
417,pierson,Pierson,14.2M,2.7M,331.3K,1.9K,211,December
418,jonata_26,Jonata,6.9M,2.4M,354K,663,1.6K,December
419,isaiahgarza,Isaiah Garza,8M,1.7M,269.2K,2.8K,1.4K,December
420,kessel_nathan_official,Nathan Kessel,9.1M,2.6M,169.6K,758,3.6K,December
421,soy_marcela4,Soy_marcela,5.4M,1.7M,295.5K,722,3K,December
422,fedevigevani,Fede Vigevani,15.4M,2.2M,284K,2.5K,491,December
423,chourouk.model_official,Chourouk_model_official,6M,4M,207.4K,760,1.5K,December
424,thecoreyb,Corey B,9M,1.2M,174.6K,977,8K,December
425,artistadasencasa,artistadas en casa,6.2M,5.1M,294.4K,450,783,December
426,isandrep,andreina perdomo,4.3M,6.2M,233.2K,918,362,December
427,sabrinacarpenter,Sabrina Carpenter,13.3M,1.6M,386.3K,2.2K,843,December
428,dina_kalanta,Dina_Kalanta,3.9M,3.8M,196.1K,1.6K,821,December
429,brittikitty,Brittany & Lily,15M,2.4M,326.7K,1.3K,1K,December
430,nelkboys,NELKBOYS,4.3M,2.2M,168.1K,1.6K,3.3K,December
431,ailaughatmyownjokes,"it's a me, Silvia :)",2.5M,1.4M,254.4K,1.3K,3.8K,December
432,kpifthatscool,KP Parker,293.1K,1.4M,277.1K,3.1K,1.4K,December
433,miguelmartinezoficial,MiguelMartinez,2.1M,3.2M,131.5K,517,3.7K,December
434,vidhia_r,ðŸ‡Vidhi_RðŸ‡,7.7M,1.4M,163.4K,5.3K,2.8K,December
435,shayvise,Shayvise,4.3M,2.4M,366.7K,1.7K,269,December
436,christiaancaarrasco,christianâœŒðŸ¼,11K,1.2M,153.9K,770,8.7K,December
437,jessie.shen,Jessie,6.8M,2.7M,338.6K,1.3K,686,December
438,andydesu,Andy Watabe,622.9K,2.6M,301.2K,1.2K,1.1K,December
439,jahkhalib,Jah Khalib,857.4K,1.8M,249.5K,957,3K,December
440,meghantrainor,Meghan Trainor,16.1M,3.8M,272.3K,1.2K,477,December
441,leozitorocha1,Leozito Rocha,1.7M,1.2M,121.7K,2K,9.8K,December
442,bequietjoe,joe hegyes,121.5K,2.9M,269.3K,906,1.3K,December
443,fatkitchens,Fatkitchens,27.6K,2.8M,149.4K,530,3.6K,December
444,annecurtissmith,Anne Curtis,1.8M,2.1M,368.1K,1.2K,1K,December
445,theshabakitchen,The Shaba Kitchen,2.5M,1.8M,153.5K,2.4K,3.8K,December
446,dafnnejm,dafnne â˜»,5M,2.6M,520.1K,812,473,December
447,namemnjtv12,MNJ TV(à¸•à¸±à¸§à¸ˆà¸£à¸´à¸‡),7.6M,3.3M,285.6K,1.5K,346,December
448,kingbach,KingBach,27.7M,2.1M,316.5K,673,1.9K,December
449,bradtheboxer,Just brad,2.5M,2.4M,147.8K,1.6K,3.3K,December
450,slick.stevie,Steve,3.3M,1.7M,243.7K,442,3.6K,December
451,lexbra,Lexbra.yt,768.6K,5.8M,329.1K,700,176,December
452,imarayulloa1,Tik Toker,4.9M,1.7M,125K,1.5K,6.6K,December
453,miguelito_peru,Miguel Alessandro,2.7M,1.9M,156.4K,953,4.6K,December
454,cv.wo,Ù…Ø­Ù…Ø¯ Ø§Ù„Ø£Ù…ÙŠØ±,608.8K,2M,116.8K,3.3K,3.8K,December
455,thinhung99,Thá»‹ Nhung,6.5M,1.7M,189.7K,4.8K,373,December
456,ltripping,ltripping,62.2K,2.2M,229.2K,1.2K,2.1K,December
457,jose_arrt,JosÃ©,2.3M,3.8M,149.1K,2.4K,518,December
458,chefschwarz,Chefschwarz,4.7M,1.8M,217.6K,1.7K,2.4K,December
459,mamalindy,Lindy and Jlo,14M,3.3M,243.8K,1.1K,880,December
460,nessaabarrett,Ness,19.8M,2.6M,257.4K,1.2K,1.3K,December
461,keisyaleprongka,keisya levronka,602.1K,6M,161.7K,534,1.1K,December
462,carolcastromx,Carol Castro,13.5M,3.8M,368.1K,856,295,December
463,mikaylanogueira,Mikayla Nogueira,13.8M,2.4M,278.3K,1.9K,498,December
464,hesfinatia,PINATðŸ…|| IG: @hesfinatia,9.6M,4.1M,361.3K,819,264,December
465,spriteder_spd,Prite Netijen Netirattanapaiboon,5.3M,4.2M,416.7K,666,258,December
466,ms.mawma,CERTIFIED LEOO,611.4K,1.1M,297.5K,2.6K,2.3K,December
467,daz_black,daz_black,7.7M,1.4M,272.4K,2K,2.1K,December
468,nathaliavalente,Nathalia,15.1M,2.7M,344.4K,1.3K,436,December
469,hoaa.hanassii,ÄÃ o LÃª PhÆ°Æ¡ng Hoa,13.2M,2.9M,250.2K,1.4K,807,December
470,cznburak,cznburak,66.3M,3.2M,205.1K,1.7K,681,December
471,priv_mav,MAV ðŸ¦¦,8.1M,2.7M,290.8K,588,1.4K,December
472,christophersturniolo,Christopher Sturniolo,4M,1.5M,243.4K,2.8K,1.4K,December
473,jimena.jimenezr,Jimena,25.7M,2.3M,353.5K,900,1K,December
474,duolingo,Duolingo,5.3M,1.2M,186.9K,5.8K,1.2K,December
475,mariolcalderon,Mario Calderon,2.3M,731.2K,169.9K,2.6K,9.9K,December
476,davidyrodriguez,That French Guy,8.3M,1.8M,352.8K,1.7K,771,December
477,sharky,Sharky ðŸ¦ˆ,1.1M,1.7M,294.9K,2K,1.2K,December
478,manja_faiez,Manja,1.3M,1.8M,218K,2.1K,2K,December
479,justicia_y_verdad,justicia y verdad,43.5K,1.9M,76.1K,1.6K,9K,December
480,nhuchuu0909,NhÆ° Chuu ðŸŽ€,1.8M,5.5M,327.9K,643,200,December
481,logfive,Logan,2.8M,2M,195.2K,1.4K,2.6K,December
482,drewafualo,Drew Afualo,7.8M,1.7M,261.7K,3.1K,391,December
483,williamlast_krm,William Last KRM,9M,2.1M,174.1K,2.5K,1.6K,December
484,datdo0803,Äá»— Äáº¡t,7.7M,3.2M,298.2K,1.1K,437,December
485,luis_sal,Luis,593.3K,1.4M,211.2K,1.5K,3.6K,December
486,realjohnmaggi,John Maggi,1M,1.1M,240.9K,2.4K,3.2K,December
487,mammybanter,Mammy Banter,1.8M,1.1M,126.8K,1.5K,9.6K,December
488,lorrayneoliveiraofc,Lorrayne Oliveira,6.2M,2M,245.3K,2.7K,248,December
489,ben,ben,5.2M,3.6M,271K,1K,460,December
490,abbieherbert,AbbieHerbert,14.4M,3.6M,406K,698,301,December
491,jadethirlwall,Jade Thirlwall,2M,2M,243.4K,2.4K,646,December
492,thewizardliz,Thewizardliz,2.3M,2M,335.4K,679,1.5K,December
493,braclya,Brady Arthur,646.8K,1.7M,186.1K,2.1K,2.5K,December
494,giannis_an34,Giannis Antetokounmpo,3.9M,2.3M,380.1K,960,698,December
495,landonbarkerr,Landon Barker,4.4M,2.4M,365.2K,1.2K,438,December
496,unlabeled_,Paula ðŸ„,1.4M,2.4M,399.9K,923,577,December
497,bryansant_,Bryan Sant,2.1M,1.3M,250.9K,1.5K,3.1K,December
498,equipedefrance,Equipe de France,9M,2.7M,252.9K,1.2K,918,December
499,morgandrinkscoffee,Morgan Eckroth,5.8M,2.7M,523K,612,385,December
500,notorious_foodie,Notorious Foodie,2.9M,2.1M,165.6K,763,3.3K,December
501,ayanakamachi,ä¸­ç”ºç¶¾,1.5M,3M,230.4K,1.1K,897,December
502,katiessigmond,katie sigmond,7M,2.3M,330.6K,967,863,December
503,missdouaa.officiel,missdouaa,9.7M,2.5M,186.5K,1.5K,1.4K,December
504,kenti.best.boi,kenti ðŸ¸,1.3M,1.3M,263.9K,1.9K,2.1K,December
505,gensho_yasuda,å®‰ç”°ç¾è±¡ðŸ§¬ã‚¯ãƒ©ãƒ•ã‚¡ãƒ³ä¸­ï¼,2.5M,2.4M,315.1K,775,1.1K,December
506,matt_mathews,Matt Mathews,2.9M,1.2M,163.8K,3.4K,3.6K,December
507,guavajuice,guava,7.1M,3.4M,269K,1.3K,180,December
508,im_rawan0,Ø±ÙˆØ§Ù†|Rawan,3.1M,2.9M,168.8K,2.2K,681,December
509,mariavaniamv,Maria Vania,5.4M,3.7M,144.5K,1.2K,1.3K,December
510,isaach.p,Isaac H.P,3.5M,970.1K,162.6K,7.3K,1.4K,December
511,samhurley,SAMHURLEYðŸŒŠ,3.6M,1.2M,277K,2.2K,1.8K,December
512,keemokazi,KEEMOKAZI,31.8M,3.3M,306.2K,1K,322,December
513,argento_oficial,Argento Oficial,88.9K,1.3M,140K,1.3K,6.1K,December
514,chikakiku,ðŸ–¤ðŸ™†ðŸ»â€â™€ï¸âœ¨ðŸ§šðŸ»,8.6M,4.5M,230K,536,759,December
515,karenbarreraoficial,Karen Barrera,16.7M,2.7M,329K,360,1.1K,December
516,omgitsmiahhhhh,miah :),76.9K,1M,272.3K,3.5K,1.4K,December
517,realnikocadoavocado,Nikocado Avocado,2M,1.8M,103.5K,3.6K,3.7K,December
518,fayneee,Unaverage Student,3.1M,2.4M,193.1K,2.3K,599,December
519,joe.bartolozzi,Joe Bartolozzi,21M,1.8M,301.6K,1.9K,492,December
520,adrian.uribe,AdrianUribe,4.1M,1.4M,187.7K,1.7K,3.3K,December
521,abo.zizo,Û©â™¥Û© Ø¹Ø§Ø¦Ù„Ø© Ø§Ø¨Ùˆ Ø²ÙŠØ²Ùˆ Û©â™¥Û©,6M,3.5M,174.1K,843,1.3K,December
522,oldtimehawkey,Old Time Hawkey,6.7M,1.4M,207.4K,2.1K,2.4K,December
523,maiaknight,Maia Knight,8.8M,2.7M,485.7K,700,301,December
524,incorrectlyroce,Roce OrdoÃ±ez,9.2M,2.4M,385.7K,779,634,December
525,manhtienkhoi_,Máº¡nh Tiáº¿n KhÃ´i ðŸ¯,5.3M,2.1M,170.1K,2.5K,1.1K,December
526,vhackerr,Vinnie,15.2M,1.6M,263.3K,2.2K,856,December
527,olivertree,Oliver Tree,14.5M,2.9M,253.6K,1.2K,568,December
528,cravityofficial,CRAVITY,1.8M,1.3M,262.6K,2.3K,1.6K,December
529,millyshaparoni,Milly Shapiro,466.7K,3.1M,444.3K,646,282,December
530,fionntime,FionnTime,2.7M,1.7M,287.9K,1.4K,1.3K,December
531,tarynbeeman,Taryn Beeman,62.2K,1.4M,263.7K,1.1K,2.3K,December
532,yurielkysojeda,Yurielkys Ojeda ðŸ•·,15.7M,1.7M,246.3K,967,2K,December
533,caseysimpson,Casey Simpsonâœ¨,10.1M,1.7M,379K,1.1K,938,December
534,anggun_supriadi91,anggunâœ¨,19.4M,5.5M,143.8K,969,628,December
535,babyziela,puteriakie33,1.1M,1.6M,65K,7.6K,4.8K,December
536,tai.tl2,tai_tl,1.1M,1M,201.4K,2K,4.2K,December
537,douhalaribiii,Douha laribii,9.7M,2.6M,237.8K,1.5K,533,December
538,dan_churchill,The Healthy Chef,407.1K,3.4M,452K,654,154,December
539,ryanmackmusic,Ryan Mack,1.8M,1.2M,163.2K,1.1K,5.5K,December
540,ivancornejooo,Ivan bruh,1.6M,902.7K,224.7K,3.2K,2.9K,December
541,lana_mohd89,ð‘³ð‘¨ð‘µð‘¨ ðŸ¦‹,6.2M,2M,138K,2.1K,2.5K,December
542,jujumaoo,Juju,701.5K,2.4M,254.6K,671,1.3K,December
543,petruskaksurtep,Petruska,1.7M,2.2M,300.2K,1K,824,December
544,justthenobodys,JustTheNobodys,9.2M,2.7M,171.8K,1.8K,847,December
545,andyslife247,Andyâ€™s Life,2.2M,2.5M,228.7K,1.6K,537,December
546,fhd.artz,ÙÙ‡Ø¯ Ø¢Ø±Øª || FahadðŸŽ¨,2.4M,2.5M,164.5K,1.1K,1.9K,December
547,fahryy20,A Fahry,1.8M,1.9M,345K,1.3K,574,December
548,grandma_droniak,grandma_droniak,6M,1.5M,218.2K,1.4K,2.3K,December
549,letskwoowk,KWOOWK with Kevin,3.3M,1.5M,175.7K,4K,597,December
550,mamatot99,Opie,1.7M,1.2M,162.9K,5.8K,622,December
551,deshawnharrisss,Deshawn âœª,2.1M,1.1M,190.9K,1.4K,4.2K,December
552,ryanhdlombard,Ryan Lombard,9.8M,1.9M,362.8K,1K,723,December
553,nadia,Nadia,3.3M,2.5M,172.6K,1.7K,1.1K,December
554,juliano,juliano,11.4M,2.8M,322.7K,772,574,December
555,sonrixs_,Sonrixs,15.2M,3.5M,358.1K,526,410,December
556,pimpiriya1,PIM PIRIYA,1.5M,2.1M,411.2K,696,654,December
557,nada_m7amed,Ø¯ÙˆØ¯Ø§ðŸ¦¹ðŸ»ðŸ¤,6.6M,2.3M,215.8K,928,1.4K,December
558,zainah.mb,Zainah & Minnie,2.1M,1M,241.3K,996,3.8K,December
559,rl.carbona,rl carbona,1.3M,1.7M,257.3K,1.5K,1.1K,December
560,msshiandmrhe,Ms Shi & Mr He,3.9M,2.5M,278.1K,924,719,December
561,yunggravy,Yung Gravy ðŸ¯,7M,1.8M,313.1K,925,1.1K,December
562,kaylamalecc,kayla,9.7M,1.9M,297.7K,1.8K,155,December
563,twinny__girls,Prisma_PrincyðŸ‘­,7.3M,1.9M,181.7K,2.5K,677,December
564,beca,beca,27.5M,2.3M,237.2K,1.4K,635,December
565,danivallem,Dani Valle,5.4M,1.1M,79.5K,589,12.1K,December
566,taylorrandsoph,TAYLOR & SOPHIA,3.9M,1.8M,266.6K,827,1.5K,December
567,analuciadominguezactriz,Analuciadominguez,3.4M,1.8M,136K,428,4.2K,December
568,thaycouuto,Thay Couto,4.2M,1.8M,344.8K,923,832,December
569,otakoyakisoba,otakoyakisoba,16M,2M,181.6K,676,2.3K,December
570,aurikatariina,á´€á´œÊ€Éª âœ¨,8.1M,3.4M,266.6K,474,722,December
571,krizzsolano,Krizz Solano,90K,1.1M,194.5K,339,4.7K,December
572,qpark,Q Park,34.6M,2.7M,183.3K,1K,1.2K,December
573,hiib531,Ù‡Ø¨Ø© Ø§Ù„ÙŠÙˆÙØ³Ù,1M,5.2M,104.8K,1.1K,909,December
574,dilanjaniyar_2,Emang Dilan namanya,2.7M,2.1M,229.9K,1.5K,688,December
575,h2woofficial,H2WO,5M,3.1M,275.6K,641,636,December
576,xibibrothers,Xibi Brothers,8.9M,2.9M,247.3K,705,786,December
577,khairulaming,Khairulaming,2.3M,1.9M,182.7K,1.4K,1.7K,December
578,jennialarcon_,Jenni Alarcon,4M,1.9M,368K,978,536,December
579,thepsh8,Psh8,1.1M,1.3M,241.3K,1.6K,1.7K,December
580,topperguild,Topper Guild,30.4M,3.2M,165.7K,1.8K,209,December
581,maluborgesm,MALU BORGES,3.7M,1.2M,214.2K,3.3K,775,December
582,kunaguero,Sergio AguÌˆero,8.5M,2.6M,258K,1.1K,499,December
583,sanzone,Michael Sanzone,3.2M,2.5M,382K,434,659,December
584,lauralove5514,LauraLove,7.8M,1.9M,315.3K,1.4K,417,December
585,www.luluca,luluca ðŸ’—,2.9M,1.2M,121.5K,5.2K,1.9K,December
586,philiptanasas,philiptanasas,9.5M,3.1M,266.1K,815,441,December
587,cemresolmaz,cemre solmaz,10.5M,2.1M,123.6K,2.9K,1.1K,December
588,trevorwallace,trevor wallace,9.3M,1.3M,242.1K,709,2.6K,December
589,tavi_castro,Tavi Castro,308.4K,1.9M,219.4K,1.1K,1.4K,December
590,jakekrantz,Jake Krantz,2.5M,1.1M,187.2K,687,4.2K,December
591,rodigarrido,Rodi Garrido,2M,2.2M,114.7K,469,3.6K,December
592,noholito,Noholito,5.6M,1.8M,240.6K,1.3K,1.1K,December
593,yasincengiz38,YasinCengiz,4.1M,2.1M,112.8K,1.4K,2.9K,December
594,carenalegria,Caren y Coco â™¥ï¸,3M,2.1M,139.7K,2.4K,1.1K,December
595,dobretwins,Lucas and Marcus,37.1M,2.8M,227.5K,1.2K,406,December
596,nazormaya,Maya Nazor,6.3M,3.6M,271K,837,206,December
597,karenkardasha,Karenkardasha,2.1M,1.4M,121K,3.7K,2.4K,December
598,pedroarcafra,PEDRO ARCAFRA,3.1M,930.9K,67.5K,1.4K,14.8K,December
599,brilionaire,Bang Bioâœ¨,4.8M,1.5M,209.7K,684,2.5K,December
600,com.yamato0515,ã€ã‚³ãƒ ãƒ‰ãƒƒãƒˆã€‘ã‚„ã¾ã¨,1.9M,1.3M,158.7K,3.6K,1.3K,December
601,ryan.maxwell22,Ryan Maxwell,3.1M,1.4M,200.1K,510,3.1K,December
602,tuckot,tuck,2.8M,892.7K,140.2K,1K,7K,December
603,kanwal.135,KanwalayðŸŽ¶,17.1M,2.7M,249.9K,978,503,December
604,darklightcr,Dark Light,2.1M,2.4M,114.1K,899,2.8K,December
605,vienhz,á´á´‡ÊŸá´ ÉªÉ´Êœá´€êœ±á´€É´â˜¯,29.8K,2.4M,222.7K,990,856,December
606,bessan_esmail,Ø¨ÙŠØ³Ø§Ù† Ø§Ø³Ù…Ø§Ø¹ÙŠÙ„ - Bessan Ismail,12.1M,2.3M,137.8K,1.9K,1.2K,December
607,wigofellas,wigofellas,35M,2.9M,172.1K,920,1.1K,December
608,victormelo,Victor Melo,22.9M,1.7M,260.1K,1K,1.2K,December
609,abo_qamae,Ø§Ø¨Ùˆ Ù‚Ù…Ø§Ø¹ðŸ™‚â¤ï¸,2.2M,2M,177.6K,1.6K,1.2K,December
610,junpei.zaki,junpei zaki,15.2M,924.9K,73K,14.3K,87,December
611,connorprice__,Connor Price,3.7M,2M,240.8K,1.2K,811,December
612,chris,Chris Olsen,9.3M,2.3M,333.1K,816,441,December
613,sidetalknyc,Sidetalk,4.4M,1.2M,190.3K,476,3.7K,December
614,boywithuke,boywithuke,6.8M,1.4M,310.5K,1.9K,343,December
615,n.vv3,Ù†Ø§ØµØ± || ðŸ‡¸ðŸ‡¦ alsubaie,5.1M,1.8M,106.5K,3K,2K,December
616,siganviendo59,jeancarlo MTB,11.2M,2.4M,187.9K,1.3K,856,December
617,forrestsautoreviews,Forrest Jones,5.6M,1.4M,194.4K,1.2K,2.3K,December
618,althea420,ALTHEAðŸ˜ˆ,2M,1.4M,109.7K,4.1K,2.1K,December
619,itsjaylaaw,ðŸ–¤ðŸ–¤ðŸ–¤,3.1M,1.3M,233K,2.2K,945,December
620,camidelossan,Cami de los Santos,381.8K,1.6M,179.5K,805,2.5K,December
621,t0edirt,Lindsey,161.3K,1.1M,260.7K,365,2.9K,December
622,liam_cast.oficial,Liam Tha Lion,3.6M,1.6M,273.1K,562,1.6K,December
623,sittnaing20,Sitt Naing,638.2K,2.7M,237.5K,976,494,December
624,emmanuelmacron,Emmanuel Macron,3.5M,1.4M,119K,5K,802,December
625,1_alkaisr_1,ðŸ”±ðŸŒ¹Ø§Ù„Ù‚ÙŠØµØ±ðŸŒ¹ðŸ”±,12.8M,2M,175.7K,816,1.8K,December
626,mateuspesce,Mateus pesce,7.6M,1.4M,172K,1.2K,2.8K,December
627,ecrinsucoban,Ecrin su Ã§oban,1.4M,2.2M,137.6K,2.4K,612,December
628,binochemtienganh,Bino chÃ©m tiáº¿ng Anh,685.9K,2.1M,150.6K,2.6K,331,December
629,danielarodrice,Daniela Rodrice,11.2M,2.2M,384.4K,724,372,December
630,burnaboyofficial,Burna Boy,2.8M,1.6M,184.1K,1.6K,1.5K,December
631,d3zmachado,GGðŸŒŸ,1.2M,1.7M,281.6K,1.4K,465,December
632,noeselmismo,NoÃ©,1.3M,1M,147.5K,1.1K,4.8K,December
633,aemilst,ems,1.8M,1.9M,214.6K,1.2K,1K,December
634,padillamarilis,padillamarilis,1M,2.4M,131.9K,1.2K,1.6K,December
635,fidias0,Fidias,1.1M,2.7M,306.4K,1K,78,December
636,gemelasortega,Gemelas Ortega,19.4M,3.8M,340.6K,396,290,December
637,philipdefranco,Philip DeFranco,2.3M,1.5M,166.7K,2.7K,851,December
638,elrodcontreras,RODðŸ« ,42.2M,2.3M,269.7K,1.2K,232,December
639,londokampung.official,Londokampung,806K,4.3M,249.1K,560,270,December
640,karinateixeeira,Karina Teixeira,1.9M,1.4M,190K,2.2K,1.2K,December
641,lamvlog,LÃ¢m Vlog,1.5M,2.4M,207.2K,1.5K,264,December
642,ironwanda,jayden,226.2K,1.8M,288.6K,1.1K,581,December
643,lewiscapaldi,Lewis Capaldi,4.2M,1.7M,199.3K,1.1K,1.5K,December
644,lizzza,Liza Koshy,30.3M,1.6M,357.8K,783,733,December
645,crisdevilgamer7,CrisDevilGamer,5.1M,3.1M,195.9K,1.2K,264,December
646,ritaspam15,ritaspam15,1.8M,2M,429.5K,264,723,December
647,anas_fikry,Anas fikry,12.4M,2.4M,143.9K,1.1K,1.4K,December
648,tariqjamilofcl,Tariq Jamil,2.9M,985.9K,150.1K,646,5.2K,December
649,dannygrubs,Danny Kim,4M,2.7M,314K,654,364,December
650,jayrscottyy,Jay,3.1M,924K,226.8K,1.9K,2.2K,December
651,nardwuar,Nardwuar,5M,1.4M,316.3K,1.5K,483,December
652,doombreaker03,DOOMBREAKER,387.7K,1.1M,148K,1.2K,4.1K,December
653,thehypehouse,The Hype House,21.3M,2.2M,339.6K,831,340,December
654,kimandnorth,Kim and North,9.6M,4M,276.5K,0,772,December
655,fela.austin,Fela Austin,3.4M,2.4M,203.1K,1.5K,247,December
656,kangsoyeon_,ê°•ì†Œì—°,512.1K,1.5M,202.7K,2.3K,619,December
657,barbaracoura,BÃ¡rbara Coura,10.1M,1.7M,246.7K,1.2K,793,December
658,jakethes.d,Jakeâ¤ï¸,825.5K,1.8M,214.8K,748,1.4K,December
659,fujiiian,Fujiiian,16.9M,2.6M,237K,800,597,December
660,hyunggiii,âœ¨,46.6K,952.7K,226.3K,1.1K,2.8K,December
661,ehbeefamily,Eh Bee Family,11.8M,1.5M,284.5K,1.5K,476,December
662,theovon,Theo Von,3.3M,1.4M,176.1K,1.5K,1.9K,December
663,sturniolo.triplets,Sturnioloâ€™s,5.1M,1.3M,259K,1.9K,615,December
664,eebruu____,eebruu__,2.9M,2.5M,231.3K,530,916,December
665,alpha.pookie,Paul Karpov,676.7K,1M,154.8K,3.4K,2K,December
666,na_rouch,ëˆ„í•˜ì¼ë¼,156.3K,2.8M,196.8K,936,596,December
667,terjiah_loui,terjiah_loui,2.6M,788.6K,194.6K,1.2K,4.3K,December
668,emilyfauver,emily&ella,4M,2M,324.4K,390,894,December
669,ekosaputra20,Eko Saputra,8.6M,2.9M,215.9K,930,398,December
670,riaricis,Ria Ricis,30.2M,2.2M,251K,851,651,December
671,imlucastho,ImLucasTho,339.6K,1.3M,224.3K,742,2.1K,December
672,japanfriends,Japan and friends,2.5M,2.2M,246.9K,427,1.1K,December
673,benjikrol,Benji Krol,32.9M,1.4M,206K,2.5K,318,December
674,firefighterfenton,Firefighter Fenton,404.3K,665.9K,82K,1.1K,13.9K,December
675,sadieemckennaa,sadie,1.5M,2.3M,271.7K,419,890,December
676,vida.perruna,Vida Perruna,2.7M,2M,209.5K,778,1.2K,December
677,shailasabt,Shailasabt,606.6K,1.4M,23.2K,0,25K,December
678,jindaouis,Louisa Jindaoui,2.5M,2M,254.2K,733,862,December
679,anuel,ANUEL,2.7M,1.4M,191.7K,1.3K,1.6K,December
680,duyyy.real.channel,NgÃ´ Äá»©c Duy,5.6M,2.8M,214.6K,839,532,December
681,itsceceh,Casey,6.7M,2.4M,247.6K,729,626,December
682,adamrayokay,ADAMRAY,7.2M,1.8M,216.3K,1.1K,973,December
683,chengkhen2k2,ChengðŸ¦,4M,2.5M,218.4K,630,837,December
684,bryan_sanchez___,bryan_sanchezzz,740.5K,1.5M,195.7K,321,2.4K,December
685,byefarzy,Farzy,1.9M,1.4M,203.7K,1.6K,1.3K,December
686,rug,FaZe Rug,9.7M,2.1M,202.8K,1.6K,245,December
687,kingrolluss,Rolls,916.7K,1.7M,180.8K,481,2.2K,December
688,turmadavalzinhaoficial,Turma da Valzinha âœ¨,9.6M,1.4M,146.5K,1.3K,2.5K,December
689,thejoeyswoll,Joey Swoll,6M,1.6M,256.6K,1.6K,285,December
690,mariah_amato,Mariah Amato,2.3M,1.3M,218.7K,784,2.1K,December
691,alex.boychuck,alex,742.4K,1.5M,97.5K,2.5K,2.9K,December
692,shira_flame,â˜ï¸Sweet B. Girlâ˜ï¸,408.2K,935.7K,206.8K,1.3K,2.8K,December
693,jayfujiwara,English with Jay,2.1M,2.8M,183.3K,670,865,December
694,rucenuenda1,Ruce Nuenda,2.8M,2.3M,334.3K,743,302,December
695,agustinlocutor,agustinlocutor,2M,915.9K,123.8K,827,6.1K,December
696,ne_4_,Ù†ÙŠÙ Ø§Ù„Ø³ÙŠØ¯,3.5M,1.6M,111.5K,3.3K,1.3K,December
697,gingerbilly1,Ginger Billy,6.5M,977.6K,106K,695,6.8K,December
698,millane,millane,6.2M,2.2M,381.7K,519,396,December
699,sorrisoda2,SorrisoðŸŒ,555.6K,1.2M,128.4K,963,4.1K,December
700,cinetimmy,sophia <3,14.5K,866.2K,243.3K,1.8K,1.8K,December
701,brunoliima019,Bruno Lima,7.5M,2.3M,239.5K,447,937,December
702,itspierreboo,Pierre,13.2M,2.2M,249.4K,856,530,December
703,tonylopez,Tony Lopez,23.2M,1.8M,202.3K,1.6K,510,December
704,steven_he,Steven He,6M,1.4M,248.8K,469,1.7K,December
705,cellat36,cellat36,8.6M,1.9M,97.2K,2.4K,1.7K,December
706,shahdzn,Shahd Naser,1.8M,2.3M,142.8K,702,1.6K,December
707,celinaspookyboo,CelinaSpookyBoo,26.5M,2.8M,178.9K,628,870,December
708,patec_wariatec,Patec_Wariatec,1.2M,1.3M,178.2K,842,2.4K,December
709,esen_alva,Esen,6M,1.6M,253.2K,734,1.1K,December
710,dindahw14,Dinda Hauw,4.2M,2.7M,168.6K,653,991,December
711,narins.beauty_,Narins Beauty,3.3M,3.2M,129.6K,1.1K,713,December
712,gakbakaljoget,TRETAN MUSLIM,228.7K,1.9M,156.3K,1.7K,820,December
713,duolingobrasil,Duolingo Brasil ðŸ‡§ðŸ‡·,1.6M,902.2K,130.3K,5.4K,929,December
714,matheusyurley,Matheus Yurley,8.7M,2.9M,260.1K,600,383,December
715,sebasmorenooo,Sebastian Moreno ðŸ“¸,6.1M,1.7M,188.6K,1.5K,791,December
716,songdoohee_444,à¸‹à¸­à¸‡ à¸”à¸¹à¸®à¸µ (à¸Šà¹ˆà¸­à¸‡à¸«à¸¥à¸±à¸),4.4M,2.3M,195.5K,1.3K,295,December
717,ratuauliaa22,ratuauliatp,13.4M,2.2M,237.2K,784,622,December
718,dermdoctor,DermDoctor | Dr. Shah,17.4M,4M,164.2K,623,507,December
719,fueyruss,Fueyruss,4.9M,3.3M,238.8K,725,204,December
720,bonecao,bonecÃ£o,1.7M,1.6M,195K,673,1.7K,December
721,saraisthreads,Sarai Marie,2.2M,1.1M,205.3K,1.1K,2.2K,December
722,vivi,Vivi,13.4M,1.9M,232.7K,1.2K,432,December
723,nlechoppamusic,NLE choppa,13.8M,2.1M,182K,1.3K,550,December
724,ali.samir11,Ø¹Ù„ÙŠ Ø³Ù…ÙŠØ±,2.7M,1.5M,181.4K,2.1K,586,December
725,fardows4,fardowsðŸ’ƒðŸ½,2.5M,1.1M,182.5K,2.7K,840,December
726,lilyxgarcia,Lily Garcia,13.6M,1.8M,308.4K,582,711,December
727,drphil,Dr. Phil,7.6M,10.1M,53.6K,778,546,December
728,marquis.culton,Marquis Culton,712.3K,2.1M,343.7K,754,239,December
729,chris_thememegod,Chris Tyson,9.5M,1.6M,189.9K,2.2K,160,December
730,abbduuu21,Ø¨ÙˆØ´Ù†Ø¨â­ï¸,14.5M,2.3M,174.3K,939,841,December
731,itssassagurl,Sassa Gurl,7.1M,1.6M,221.9K,1.1K,888,December
732,allan_jeon,Allan Jeon,6.3M,1.8M,202.6K,1.3K,684,December
733,ujoaozinho,uJoÃ£ozinho ðŸ¤˜ðŸ»,9M,2.8M,447.5K,273,292,December
734,blaucomedy,Michael Blaustein,1.9M,1.5M,239.4K,250,1.7K,December
735,djadoni,Djadoni,1.5M,1.7M,84.6K,156,4.7K,December
736,thatlittlepuff,ThatLittlePuff,32.7M,2.7M,204.4K,534,735,December
737,deborahyowa,Deborah yowa,16.8M,3.2M,108.4K,1.2K,797,December
738,_nch04,Nguyá»…n Háº£i,4.9M,3.4M,179.5K,712,432,December
739,tuckerbudzyn,tuckerbudzyn,10.7M,1.7M,258.2K,648,979,December
740,yonumo,ni â˜†,270.8K,796.9K,219.5K,1.6K,2.3K,December
741,thehealchef,Harry Heal,3.2M,1.4M,181K,671,2K,December
742,mirceabravo,Mircea Bravo,860.7K,1.6M,93.2K,454,4.1K,December
743,gzfoodqood,Foodqood by Giallozafferano,19.2M,2.5M,69.5K,626,3.3K,December
744,mas_nizar,IG: nizar_abzhr31,7.2M,1.8M,254.6K,1.2K,343,December
745,alebardo19,Abelardo Bobadilla,5M,1.3M,131.7K,1.3K,2.9K,December
746,thanhdoanshop,Thanh ÄoÃ nâœ…,729.8K,2.2M,101.5K,2.6K,464,December
747,steveioe,Steveioe,11.1M,1.4M,257.8K,853,1.1K,December
748,bigtugg,Tucker Lindgren,2.3M,1.1M,163.9K,1.4K,2.4K,December
749,fritzdoesart,fritzdoesart,8.7M,3.1M,155.5K,1.1K,305,December
750,shammiltd,Shammi,6.4M,1.9M,150K,1K,1.3K,December
751,nikicumerlato,Nicole Cumerlato,1.1M,2.5M,278.7K,341,617,December
752,cristorata7,Cristorata,1.6M,1.8M,146.6K,958,1.6K,December
753,melfouad,Melfouad,1.7M,1.3M,88.7K,1.9K,3.8K,December
754,iben_ma,Iben M.A.,10M,1.6M,114.7K,3.4K,326,December
755,paigetaylor.s,Paige Taylor,5.1M,1.8M,316.8K,810,354,December
756,mikaelatesta,Mikaela Testa,2.2M,1.5M,207.4K,1.5K,730,December
757,jorgito_guayaco_o,Jorge naranjo peÃ±afiel,4.5M,1.3M,40.8K,519,11.9K,December
758,saraecheagaray,sara,7.5M,1.9M,337.7K,698,323,December
759,danielswall,Daniel Wall,1.6M,1.3M,250.8K,769,1.2K,December
760,lagranjadelborrego,La granja del borrego,14.2M,2.1M,324.6K,718,237,December
761,fatcomedy1,FATCOMEDY,1.4M,1.9M,49.6K,515,6.4K,December
762,analisseworld,Analisseworld,10.6M,1.7M,316.7K,570,635,December
763,bp_tiktok,blackpinkofficial,37.2M,1.4M,173.3K,2K,806,December
764,jaden,Jaden,1.8M,3.5M,134.6K,1.2K,193,December
765,aylivaofficial,A Y L I V AðŸŽ™,873.2K,1.3M,212.1K,1.6K,739,December
766,doctormiguelpadilla,Doctor Miguel,6.5M,991.4K,157.4K,1.9K,2.2K,December
767,tabithaswatosh,Tabs,13.1M,2.1M,331.5K,635,293,December
768,roportajadam,Mahsun Karaca,1.3M,2.2M,107.2K,486,2.3K,December
769,jashlem,Jash,26.8M,1.8M,310.8K,729,422,December
770,firstnamechris,Chris Punsalan,1.4M,1.6M,239.9K,1.2K,461,December
771,federalplumbing,IvÃ¡ndeFederalplumbing,956.9K,2.1M,136.8K,404,1.9K,December
772,jordanavucetic,jordanavucetic,3.2M,1.5M,288.7K,1.2K,320,December
773,rayanfahmi,Rayoon,4M,2M,146.3K,1.6K,557,December
774,dovecameron,Dove Cameron,12.4M,1.5M,200.2K,1.6K,502,December
775,lordtrunks,Lord Trunks,4.9M,1.6M,195.7K,947,1.1K,December
776,edwinmendozza,ð–Šð–‰ð–œð–Žð–“,15.3M,2.7M,363.3K,405,256,December
777,jefripradewa,Jefri Pradewa,246.4K,925K,118.3K,1.6K,4.2K,December
778,mexicocookingclub,Calixto Serna,11.7M,2.3M,131.1K,407,1.7K,December
779,jzgarcia,Jz Garcia,2M,996.7K,200.8K,880,2.3K,December
780,jorgitoparrillero,Jorgito Parrillero,1.6M,1.4M,72.2K,327,5.9K,December
781,ilaydasherifi,ilaydasherifi,402.8K,1.8M,271.5K,503,801,December
782,its.michhh,Michel Chavez,33.7M,2M,275.6K,933,198,December
783,mndiaye_97,mndiaye_97,15.6M,1.3M,236.4K,1K,1.1K,December
784,leanadeeb,Leana Deeb,11.6M,1.8M,270.6K,587,724,December
785,hyoga.x,Hyoga,614.6K,1.5M,225.1K,778,1.1K,December
786,jannatmirza,J M ðŸ¥€,21.3M,1.7M,166.2K,1.8K,415,December
787,jennychallita,Jennychallita,4.6M,2.3M,131.7K,1.1K,926,December
788,caprariu_valentino,V A L E N T I N O,4M,2.3M,157.9K,1.2K,499,December
789,section_pull_up,Section Pull Up Off,1.1M,1.2M,112.1K,2.3K,2.3K,December
790,itsjojosiwa,JoJo Siwa,44.2M,2.7M,202.7K,915,207,December
791,naenano,ãªãˆãªã®ðŸŒ¨,3.7M,2M,166K,1.2K,722,December
792,gabrielabee,GABRIELA BEE,10M,1M,238.4K,2.1K,485,December
793,ayanakamura,Aya Nakamura,1.7M,1.3M,196K,1.6K,760,December
794,sallyalawady1,Sally Alawady,5.3M,2.6M,145.6K,1.1K,515,December
795,yefersoncossio,Yef,14.2M,2.8M,266.2K,554,253,December
796,teukuryantr,teukuryantr,4.4M,2.1M,277.2K,507,502,December
797,vietphuongthoa98,Viá»‡t PhÆ°Æ¡ng Thoa,12.2M,2.4M,224.3K,801,287,December
798,dangthuhaf,Äáº·ng Thu HÃ ,1.5M,3.1M,283.2K,400,267,December
799,q7cg,Ø§Ø­Ù…Ø¯ Ø§Ù„Ø­Ø±Ø¨ÙŠ,461.6K,1.4M,69.1K,3.2K,2.8K,December
800,onlyraisingkingsnyc,Onlyraisingkings,1.5M,757.8K,90.4K,1.5K,7.1K,December
801,bungalow_jonathan,Bungalow Jonathan,361.6K,880.1K,50.4K,971,12.2K,December
802,chikn.nuggit,Chikn Nuggit,4.9M,1.1M,209.4K,2K,579,December
803,yesimresmi1,~YEÅžÄ°M,17.5M,2.7M,166K,874,425,December
804,itsaburob,Ahmad Aburob,2.4M,5.8M,113.9K,709,169,December
805,lasrecetasdesimon,lasrecetasdesimon,5.5M,1.3M,130.7K,330,3.1K,December
806,_desyortega_,Ëšâ‚Šâœ©â€§â‚Š d e s â€§â‚ŠËšâœ§,31.8K,1.4M,203.6K,534,1.5K,December
807,spicyycam_,Spice King,20M,1.9M,180.7K,1.6K,104,December
808,xxlechuga,Daniel Lechuga,7.1M,1.5M,262.9K,1K,485,December
809,raonyp,Rao,282.1K,1M,172.5K,1.5K,1.9K,December
810,cooperkupp,Cooper Kupp,499.5K,1.8M,206.8K,1.3K,238,December
811,botakteras,Mike,4M,2.4M,162.8K,1.2K,269,December
812,kristy.sarah,Kristy Sarah,7.8M,2M,203.7K,528,864,December
813,calleypoche,Calle y PochÃ©,5.9M,1.5M,225.1K,977,748,December
814,ahmed_hosni1,ahmed Hosni ðŸŒâ¤ï¸,4.1M,564.4K,67.6K,2.3K,12.5K,December
815,vlad_shevchenko,Ð’Ð»Ð°Ð´ Ð¨ÐµÐ²Ñ‡ÐµÐ½ÐºÐ¾,1M,1.4M,125.7K,350,2.9K,December
816,albert_cancook,albert_cancook,10.2M,2.5M,201.9K,702,415,December
817,imprestonbradley,KING OF CREAM,3.6M,1.6M,212.6K,684,971,December
818,ireniusx,ireniusx,6.9M,1.8M,262.6K,817,371,December
819,politiqueando2.0,politiqueando2.0,43.9K,2.3M,81.1K,646,2.4K,December
820,artbydemarcusshawn,DemarcusShawn,6.4M,948.1K,158.9K,1.7K,2K,December
821,itspoli_,paulaðŸŒ¸,1.6M,1.5M,203.8K,1.6K,308,December
822,mirandaalol,miranda rae,5.7M,1.6M,230.3K,1.4K,155,December
823,sbcoko,â€œCOKOâ€,100.9K,903.3K,79.3K,486,7.3K,December
824,lisa_luchetta,Lisa Luchetta,1.4M,1.5M,231.9K,614,978,December
825,i_am_doshik1,i_am_doshik,20.9M,1.9M,205.7K,1K,438,December
826,tyshonlawrence,tyshon,18.5M,1.2M,176.8K,2.1K,528,December
827,kaykai_ntch,Kaykai,8M,2.1M,254.1K,876,155,December
828,gimmeuraddy,Septianarii,825.3K,2.3M,150.9K,247,1.3K,December
829,paupelaez_,Êœá´€É´á´‡á´ÉªÊá´€,6.8M,1.8M,236.3K,1K,263,December
830,theweeknd,The Weeknd,6M,1M,128K,1.8K,2.5K,December
831,realjayllnn,JAYLLNN,5.1M,1.6M,146.8K,1.6K,675,December
832,daniaristizabal29,Daniela Aristizabal N,55K,935.1K,62.7K,1.3K,8K,December
833,snoopdogg,Snoop Dogg,24.8M,1M,145.8K,1.7K,2K,December
834,gordeewa__13,gordeewa__13 :>,13.8M,2.3M,254.7K,751,172,December
835,michou_yt,Michou,7.8M,1.5M,210.2K,1.5K,171,December
836,bradley.thor,Thoren Bradley,7.3M,1.7M,121.5K,1.6K,922,December
837,yass_ootd,YASS_OOTD,1M,1.5M,230.1K,1.1K,495,December
838,birisdachapada_off,biris_off,2.3M,1.2M,170.3K,1.3K,1.3K,December
839,taylorfrankiepaul,Taylor Paul,3.8M,3M,146.6K,884,347,December
840,infamous_wu13,Infamous Wu,1.2M,1.7M,280K,792,321,December
841,virginiafonseca,Virginia,35.3M,2.2M,188.2K,916,356,December
842,katclark86,Kat Clark,3.4M,1.5M,253.7K,1.2K,139,December
843,brycehall,Bryce Hall,23M,2.3M,270.8K,456,406,December
844,vinhlion77777,ðŸ’ŽVinh Lion,5.8M,2.5M,107.5K,1.8K,220,December
845,mumeixxx,mumeiâœ–,2.8M,1.8M,144.2K,1.3K,720,December
846,jake_murley,Jake Murley,10.3K,832.5K,149.4K,1.1K,3.1K,December
847,riumbau,Hector Riumbau,2.8M,1M,138.6K,864,2.9K,December
848,edithxgalvez,Edith Galvez,6.2M,2.8M,171.7K,431,651,December
849,marcelldegen,Marcelldegen,4.1M,2M,151.6K,1.5K,247,December
850,decorsnippets,Rue,976.9K,1.3M,131.3K,696,2.3K,December
851,lehvideira,Lethicia Videira,8.5M,581.6K,99.5K,2.8K,6.2K,December
852,blakegray,Blake Gray,9.8M,1.2M,192.4K,1.4K,869,December
853,iitsace,PETER ACE ðŸ’œ,2.5M,1.9M,168.7K,1.2K,445,December
854,thecordlefamily,Hunter & Devin,3.7M,1.9M,255.6K,454,607,December
855,campuzanoabelardo,Abelardo Campuzano,4.8M,844K,120.7K,994,4K,December
856,sherifkhalid,sherif khalid,10.4M,1.8M,156.8K,793,1K,December
857,raulbazanm,RAULðŸ¦¦,6.1M,2.5M,217.9K,470,462,December
858,hadeel.alali,Ø§Ù… Ø³ÙŠÙ om sayf,3.3M,3.1M,106.9K,806,726,December
859,kikakiim,Kika Kim,33.3M,1.7M,187.6K,1.2K,384,December
860,soimah_pancawati,Soimah Pancawati,2.4M,1.3M,62.3K,2K,4.3K,December
861,1spdr,Ø¯Ø§Ø±Ùƒ,1.7M,1.4M,119.1K,2.6K,434,December
862,jamescharles,James Charles,37.6M,1.9M,178.4K,1.2K,290,December
863,thatgoldendog,Candice & Bear,189.3K,981K,139.1K,187,3.5K,December
864,anaalvarez,Ana Alvarez,266.5K,1.7M,155.7K,461,1.4K,December
865,homm9k,Ð¥ÐžÐœÐ¯Ðš,46.4M,1.7M,165.8K,1.2K,557,December
866,omar,Omar Raja,3.9M,2M,252.2K,439,562,December
867,stephano_kohel,âš¡ï¸STEPHANOâš¡ï¸,6M,3.3M,267.3K,324,246,December
868,zamirrvillamil,zamu,2.6M,1.3M,273K,648,768,December
869,renpc_,âœ¨Ren PCâœ¨,5.2M,882.4K,164.8K,656,2.8K,December
870,jolly_good_ginger,El Chismoso,3.2M,992.3K,115.2K,3.1K,1.3K,December
871,andreecuadros,Andrea Cuadros,15.6M,2.1M,259.7K,586,330,December
872,chico_maltipoo,Chico Maltipoo,335.7K,912K,116.2K,1.6K,3.1K,December
873,ddhivaaaa,Adhiva Amalia,2.4M,2.2M,145.4K,623,930,December
874,noeldeyzel_bodybuilder,Noel DeyzelðŸ‡¿ðŸ‡¦,5.9M,1.4M,229.1K,923,622,December
875,claragnds,Maria Clara Garcia,19.7M,1.6M,171.7K,1.2K,578,December
876,thekatehudson,Kate Hudson,1.3M,2M,178.9K,1.1K,246,December
877,_raichouuofficial,SHRX â€¢ Raichouu ðŸ‡µðŸ‡­,1.4M,2.2M,145.2K,1.3K,282,December
878,thetiktokdrummer,Austin Ware,11.1M,4.1M,107.4K,793,326,December
879,nadina_ioana,Nadina Ioana,12.9M,3M,210.9K,473,318,December
880,...anddy_,ANDDY ðŸºðŸŒ™,1.3M,827.9K,123.7K,3.5K,1.3K,December
881,fabstarden,FabrÃ­cio :),66K,692.8K,111.3K,2.9K,3.5K,December
882,ogabrielfalcone,NIKITA,3.5M,1.1M,252.8K,1K,728,December
883,_catben_,Catherine Benson,11M,1.4M,212.1K,784,864,December
884,camilacabello,Camila Cabello,17.2M,1.3M,182.5K,1.2K,905,December
885,wisdm8,Wisdom Kaye,8.7M,1.4M,199.7K,1.3K,415,December
886,eyeout4selen3r,Shawn Mac,1.2M,736.2K,185.5K,1K,2.5K,December
887,choukripirate,CHOUKRI PIRATE ðŸ´â€â˜ ï¸,1.6M,2.3M,186.3K,630,507,December
888,captincroook,Alex Consani,792.5K,1.1M,257.4K,1.2K,516,December
889,delaneysayshello,Delaney Rowe,1.1M,1.4M,178.5K,824,1.2K,December
890,anxietycouple,Anxiety couple,12.7M,2.1M,203.7K,665,494,December
891,avani,avani,42.8M,2.1M,209.8K,797,322,December
892,ugolord,âš–ï¸ The TikTok Attorney âš–ï¸,6.4M,1.7M,142.7K,1.8K,223,December
893,thedarcymichael,Darcy & Jer,3.1M,1.1M,130.7K,1.5K,1.8K,December
894,msquynhthie,Quá»³nh Thi,1.3M,3.7M,154.2K,592,249,December
895,armando_netto,Armando Netto,5.1M,1.6M,249.6K,969,231,December
896,juliapuzzuoli,Julia Puzzuoli Souza,13.5M,2M,259.1K,367,581,December
897,zzri9a,ZZRi9A,1M,1.7M,106.6K,1.4K,1.2K,December
898,erabii,Mohanaderabi,2M,1.3M,155.1K,1.4K,1K,December
899,rifirdus,RIFIRDUS,2.4M,1.9M,148.6K,837,899,December
900,mult..fand0m,Antonella ðŸ‘,154K,543.8K,103.8K,7.1K,1.3K,December
901,lilhuhofficial,ðŸ”¥ Lil Huh ðŸ”¥,4.5M,2.3M,201.1K,565,452,December
902,nancyajram,Nancy Ajram,2.3M,1.9M,129.2K,1.1K,769,December
903,angelramirezv,Angel Ramirez,1.2M,1.7M,150.1K,1.1K,760,December
904,una_arana,Una AraÃ±a,77K,2.4M,262.3K,527,217,December
905,korean.comic,ì†¡ì€ì œ ðŸ‡°ðŸ‡·,1.4M,972.1K,198.5K,999,1.4K,December
906,ladyyasmina1,Yasmine Sahid,1.6M,1.1M,161.2K,1.1K,1.5K,December
907,nicktrawick13,Nick Trawick,1.2M,756.4K,117.2K,1.7K,3.5K,December
908,la.marymary,marymaryðŸ‘‘,561.3K,1.1M,142.6K,886,2K,December
909,oafonsopadilha,Afonso Padilha,3.2M,923.1K,119.9K,638,3.5K,December
910,maurobarrionuevo,Mauro Barrionuevo,2.5M,849.5K,58.7K,278,9K,December
911,samsmith,Sam Smith,7.1M,1.9M,77.7K,1.4K,1.7K,December
912,mohamedmekawy,Mohamedmekawy,1.4M,2.7M,41.7K,953,3.1K,December
913,cirowhites1.0,CiroWhites,2.5M,1.2M,242.6K,529,1.1K,December
914,notbehzinga,Ethan Payne,1.8M,2.2M,331.4K,468,164,December
915,sjbleau,SJ,13.9M,2.2M,195.3K,664,408,December
916,issavegas.fit,Issavegas.fit,6M,2M,148.8K,483,1.1K,December
917,moontellthat,MOONTELLTHAT,14.3M,1.8M,132.1K,1.2K,717,December
918,joerauth_,Joe rauth,6.2M,1.4M,217.1K,610,947,December
919,mrstiventc1977,MrStivenTc,6.8M,1.9M,218K,850,279,December
920,ytietofficial,Ytiet Official,3.7M,1M,54.3K,1.2K,7.1K,December
921,deni.elenaa,Deni Elena,327.9K,842.8K,147.2K,736,2.9K,December
922,mimiermakeup,Mirta Miler,16.6M,1.9M,273.3K,731,166,December
923,nicolassturniolo,Nicolas Sturniolo,4.1M,938.3K,202K,1.9K,467,December
924,julesleblanc,jules,18.9M,1.5M,214.9K,1.1K,259,December
925,baldybrobryzxz,celloszxzðŸ§‘ðŸ»â€ðŸ¦²,11M,2.6M,199.1K,646,221,December
926,artemmodelka,artemmodelka,1M,2.5M,129.6K,1K,370,December
927,deiveleonardooficial,Deive Leonardo,6.3M,534.7K,77.6K,976,9.8K,December
928,azelmusic,Azel,1.3M,1.3M,129.1K,833,1.9K,December
929,1h__aa,Ø¹Ù„ÙŠ ØºØ§Ù†Ù…,196.6K,2M,75.4K,1.9K,1.1K,December
930,christian_shay,Christian Shay,3.1M,1.4M,188.6K,1.4K,268,December
931,shani_ameliaa,Shani_amelia,2.9M,983.9K,160.1K,1.4K,1.4K,December
932,tanboykun_asli,Tanboy Kun,2.6M,2.3M,154.4K,511,713,December
933,krysandkareem,Krys & Kareem,6.3M,1.9M,114.8K,362,1.7K,December
934,alejandrosago,Alejandro Sago,2.5M,1.6M,191.9K,409,1K,December
935,creatingwonders,Jesse J. Pedigo,12.2M,554.8K,86.7K,1.2K,7.9K,December
936,f0urbr0thers,F0urBr0thers,1.6M,1.5M,157.2K,411,1.5K,December
937,eldavidgodoy,David Godoy,2.9M,1.7M,175.8K,449,1K,December
938,alfyfatmasaga,Alfy Saga,4.3M,1.7M,105.5K,804,1.6K,December
939,nabela,nabela,7.6M,2.1M,251.5K,502,330,December
940,realaa9skillz,aa9skillz,295.7K,930.5K,135K,2.1K,1.4K,December
941,valennaihomi,naihomi,401.7K,2.7M,140.3K,955,219,December
942,rowverytrinidad29,Rowvery Trinidad,3.4M,2.7M,325.6K,295,204,December
943,frnzlynfby,Feby,4.4M,1.2M,222.5K,887,825,December
944,lexihensler,Lexi Hensler,9.6M,1.7M,230.6K,399,717,December
945,colinjay_,colin eckardt,1.6M,952.8K,182.9K,1.5K,1K,December
946,eravfx,ERAVFX,1.8M,2.4M,181.2K,805,199,December
947,jailyneojeda,Jailyne Ojeda,17.3M,1.7M,227.7K,740,387,December
948,ashraf_alalmei,"ðŸ‡ªðŸ‡¬âš¡""ALALMEI""âš¡ðŸ‡µðŸ‡¸",3.5M,1.9M,136.5K,528,1.2K,December
949,youngji_02,ì´ì˜ì§€,2.2M,1.4M,293.3K,820,240,December
950,joelbergs,JoelBergs,11.6M,1.7M,242.6K,499,554,December
951,axxdermusic,Axder,5.3M,531.9K,68.5K,1.8K,10.1K,December
952,chevy2funnyy,Chevy2funnyy,2.1M,917.7K,181K,796,1.8K,December
953,nilewilsonator,Wilsonator,1.2M,2.4M,194.1K,448,464,December
954,farrukoofficialpr,FARRU,3.7M,1.4M,96.8K,346,2.8K,December
955,keirariff,Keira,5.6M,1.4M,250.3K,502,764,December
956,jimmywells96,Jimmy Wells,2.2M,1.1M,133.8K,832,2.1K,December
957,knzymyln__,Kienzyí‚¤ì—”ì§€ë¯¸ì—”âœ§ðŸ‡°ðŸ‡·,8.4M,2.8M,110.9K,488,885,December
958,flickerspark_,FlickerSpark,1.8M,1.1M,245.1K,830,750,December
959,healthy_mandy,healthy_mandy,587.8K,2.2M,150.2K,861,424,December
960,robertfrank615,Robert Frank,1.2M,778.4K,78.7K,440,6.5K,December
961,maxthemeatguy,Max The Meat Guy,5.3M,1.2M,178.7K,504,1.5K,December
962,ailaloures,aila loures,3.9M,845.5K,165.1K,1.4K,1.6K,December
963,ogikdp,Zona Ogik | YT MELLO PROJECT,5M,1.6M,227.7K,755,400,December
964,leahh,leah,6.3M,1.7M,167.6K,785,737,December
965,karlwolfs,Karl Wolf,414.8K,953.6K,75.4K,2.5K,3.3K,December
966,natalieamayaa,Natalie Amaya,96.7K,1M,116.2K,837,2.8K,December
967,banhbaoxinchao,BÃ¡nh Bao Xin ChÃ o,2.6M,2.6M,183.6K,623,256,December
968,pocaeve,EVE,138.7K,2.6M,50.9K,1.8K,1.3K,December
969,thruhikers,Renee-and-Tim,2.1M,2.3M,250.5K,289,452,December
970,thenursery_nurse,Charlotte,1.8M,1.5M,288.7K,768,195,December
971,i_am_young22,ëƒ¥ë‡½ë…•ëƒ¥ðŸ‘»,3.1M,1.1M,147.2K,739,1.8K,December
972,itsmenicksmithy2,Nick Smithyman ðŸ˜Ž,13.6M,1.5M,179.1K,757,789,December
973,slamminsammyswank,Sam Swank,1.6M,834.2K,165.2K,482,2.5K,December
974,mistermainer,mistermainer,16.4M,1.2M,157.6K,1K,1.1K,December
975,nelysa_norazlan,Nelysa Norazlan,3M,1.5M,144.4K,760,1.2K,December
976,hunterprosper,Hunter Prosper,5.5M,1.6M,172.6K,437,1.1K,December
977,mohaimen.alaa,Ù…Ù‡ÙŠÙ…Ù† Ø¹Ù„Ø§Ø¡,4.7M,1.4M,143.8K,1.3K,801,December
978,mei_asami_,æµ…è¦‹ã‚ã„,1.5M,1.3M,176.8K,1.1K,768,December
979,rreygrande,rey,617.8K,700.2K,147.7K,1.9K,2.1K,December
980,pratiii9,pratii,505.5K,6.4M,39.3K,538,1.1K,December
981,leesiyoung38,ì´ì‹œì˜,17.6M,2M,143.3K,952,472,December
982,jmartineze_,josi,23.7M,1.8M,235K,651,314,December
983,los_escachaitos,Los escachaitos,5.3M,2.3M,120.9K,692,772,December
984,pedrinhuol,pedrinhuol,6.3M,1.9M,178.2K,448,750,December
985,nouraridaofficial,Nour Arida,3.3M,1.9M,108.2K,733,1.2K,December
986,karolsevillaokay,karolsevillaofc,26.2M,1.5M,223.2K,913,298,December
987,coldcutz20,CHRIS COLDITZ,1.4M,4.4M,100.3K,494,424,December
988,mclya_,Lya,3.9M,2.2M,175.5K,713,336,December
989,ddlovato,Demi Lovato,4.5M,1.4M,130.8K,1.7K,573,December
990,jlo,JLO,15.4M,1.5M,118.9K,1.8K,417,December
991,esta.pramanita,Esta Pramanita,2.4M,2.3M,222.7K,390,392,December
992,ladydianka,LADY BUNNYðŸ°,9.2M,1.2M,144.7K,1.3K,899,December
993,ediqueixinho,Edivando Junior,4.3M,1.7M,185.2K,754,488,December
994,liamcarps,Liam Carpenter,1.5M,1.5M,136.6K,697,1.3K,December
995,giovannibonaccinii_,G I O V A N N IðŸ¦‹,1M,1M,171.6K,983,1.3K,December
996,jiembasands,Jiemba Sands,4.9M,3.4M,247.4K,207,264,December
997,crissa_ace,Crissa Jackson,14.9M,1.6M,141.7K,1.2K,580,December
998,ichadude,Alyssa & Dude,468.8K,2.3M,85.5K,997,1K,December
999,kanebrown,Kane Brown,5.2M,1.7M,96.7K,1.3K,1.2K,December
1000,nnennab_,Nnenna B | NYC Creator & Actor,149.1K,606.2K,79.5K,2.1K,6.1K,December
