Tiktoker,influencer name,Subscribers count,Views avg.,Likes avg,Comments avg.,Shares avg,Month
___nicoichi___,NICOã€å¹³æˆãƒ•ãƒ©ãƒŸãƒ³ã‚´ã€‘,1.3M,1.9M,225.3K,1.7K,1.1K,June
_.anime.edits_0,video,97K,1.7M,75.6K,1.5K,8.7K,June
_.respect.boss._,Respect compilation ðŸ¤ðŸ¥¶,1.5M,4.4M,241.9K,249,797,June
_.the.meme.hub._,RANDOM MEMES,2.3M,3.8M,787.7K,2.9K,9K,June
_andrewcurtiss,Andrew Curtis,2.5M,1.4M,300.4K,5.8K,4K,June
_emil_official,EMÄ°Lâ¤ï¸,600.9K,2.5M,61.9K,1.2K,9.5K,June
_ikyikyyy,ikyikyyy,3.1M,1.5M,185.3K,1.5K,1.6K,June
_jennifernierva,Jennifer Nierva,1M,2.4M,321.1K,1.9K,1K,June
_mister_z,Marco Zedda,4.9M,2.3M,407.3K,3.2K,3K,June
_nch04,ðð ð®ð²ðžÌ‚Ìƒð§ ð‡ðšÌ‰ð¢,4.9M,3.9M,235.3K,1.3K,1.2K,June
_space.draws_,Space Draws,2.6M,2M,227.1K,1.6K,817,June
_subtitulos_,KUWTK,92.8K,3.4M,432.7K,960,690,June
_surya_editz_,ðŸ˜ˆ,551.2K,3.5M,330.6K,1.1K,2.1K,June
_xochitl.gomez,XÃ³chitl GÃ³mez,4.4M,6.1M,1.1M,9,3.4K,June
_xsyalisx_,Nya uwu xd,144.3K,1.8M,347.5K,2.4K,2.7K,June
.jmwalton,ð™… âš¡ï¸,1.2M,3.4M,667K,15.3K,5.6K,June
1642l4,Ø¹Ø·ÙˆÙŠ Ø®Ø§Ù†ØªÙ‡ Ø³ÙˆØ¯ Ø§Ù„Ù„ÙŠØ§Ù„ÙŠ,15K,1.3M,64.2K,2.8K,13.6K,June
1asos,Ø§Ø³Ø±Ø§Ø¡ ÙØ±Ø¬,3.5M,2.5M,174.3K,1.2K,1.4K,June
230.s,Ù†ØµØ§Ø¦Ø­ ÙˆØ§Ø®Ø¨Ø§Ø± ÙÙŠÙØ§.,13.6K,2.2M,159.2K,1.5K,1.3K,June
42psy42,PSY,3.9M,2.5M,417.8K,2.2K,1.2K,June
4q2y,Ø¯Ù†ÙˆÙˆ,1.5M,1.7M,140.2K,3.6K,1.2K,June
7uss.n,Ø­Ø³ÙŠÙ† Ø§Ù„Ø­Ø±ÙŠØ¨ÙŠðŸŒ»,1.5M,2.2M,225.5K,2.2K,2.5K,June
aachoyy,chaa Ëšâ—žâ™¡,494.9K,2.4M,356.2K,2.4K,519,June
abba,ABBA,2.5M,10.1M,2M,7.6K,8K,June
abbieherbert,AbbieHerbert,13.2M,4.2M,557K,1.4K,959,June
abir.sag,Abir e sag,12.7M,3.9M,302.8K,2.1K,2.1K,June
aboody_kareem,Ø¹Ø¨ÙˆØ¯ÙŠ ÙƒØ±ÙŠÙ…,7.2M,1.5M,167.7K,2.6K,1.5K,June
actressbecc,Becca Bastos,1.4M,745.2K,207.4K,1.5K,3.7K,June
actually.average,Reed,1.2M,1.1M,320.9K,4K,3K,June
adammilardovicc,Adammilardovic,8.1M,2.2M,184.8K,1.6K,943,June
adamsilvera,Adam Silvera,93.7K,2.2M,616.3K,6K,4.6K,June
addisonre,Addison Rae,88M,7.5M,704.3K,4.3K,2K,June
adi.syahreza,Adi Syahreza,7M,2.2M,278.7K,1.9K,1.8K,June
adrianbliss,Adrian Bliss,6M,3M,479K,1.5K,4.8K,June
adrilatinatv,adrilatinatv,25.6M,3.1M,243.4K,1.5K,190,June
aemilst,ems,1.3M,1.5M,224.3K,2K,3.4K,June
aerilzafrel8,aerilzafrel,1.9M,2.3M,216.8K,4.7K,1.8K,June
aespa_official,aespa official,5M,9.5M,2.2M,33.9K,29.2K,June
aichangemoy_,YT : AiChan TV,8.4M,2.7M,250.5K,3.2K,2.6K,June
aiki_kr,ì•„ì´í‚¤ Aiki,2.1M,1.9M,361.4K,1.7K,1.3K,June
ailaughatmyownjokes,"it's a me, Silvia :)",1.9M,1.4M,340.4K,1.4K,4.3K,June
ajkhiphop,kelil,36.5K,4.6M,670.6K,686,355,June
akamztwenty20,Akamz,20.4M,3.8M,410.5K,1.3K,1.7K,June
akgunnice,GÃ–ZDE AKGÃœN,2.4M,4.6M,143K,1.3K,436,June
akramadinas,AK,3.9M,1.6M,374.6K,3.1K,1.2K,June
albert_cancook,albert_cancook,6.7M,6.2M,524.9K,1.9K,2.1K,June
albertinasacaca,Albertina sacaca1,1.5M,4M,464.4K,2.4K,787,June
albertinasacaca1,Albertina Sacaca Cal,4.8M,2.5M,226.1K,2.5K,575,June
alejandrodelcarpio96,Alejandro del Carpio,148.6K,2.5M,233.8K,1.5K,255,June
alex_abt,AlexAbt,109K,2.3M,371.5K,592,307,June
alexbatistao,Alex ramos22,3.2K,951.7K,46.6K,1.7K,19.4K,June
alexitoxedits,ALEX <3,2.8M,966K,276.7K,2.5K,3.3K,June
alexwaarren,Alex warren,15.3M,2.7M,643.7K,635,417,June
alezha.obukhov,ÐÐ»ÐµÐ¶Ð° ÐžÐ±ÑƒÑ…Ð¾Ð²,681.2K,2.2M,251.1K,697,1.2K,June
alfaanm,alfan,101.1K,647.2K,45.7K,1K,35.7K,June
ali.samir11,Ø¹Ù„ÙŠ Ø³Ù…ÙŠØ±,2.5M,1.7M,215.7K,6.7K,982,June
aliciasaavedra_,@aliciastylish,353.1K,4.9M,113.8K,1.3K,25.8K,June
alliep.andrews2nd,allieandrews,31.4K,3.1M,432.6K,1.4K,750,June
alrslani20,Ø§Ù„Ù…Ù†Ø´Ø¯/Ù…Ø§Ø¬Ø¯ Ø§Ù„Ø±Ø³Ù„Ø§Ù†ÙŠ,499.8K,2.3M,100.2K,2.1K,4.7K,June
alteregofanbase7,ð˜¼ð™‡ð™ð™€ð™ð™ƒð™Šð™‡ð™„ð˜¾,178.7K,2.6M,267.3K,560,654,June
alxjames,Alx James,2.1M,1.7M,278.5K,1.9K,9.7K,June
amauryguichon,Amaury Guichon,11.2M,17M,1.4M,10.7K,15.2K,June
amrmaskoun,Amrmaskoun,967K,2M,169.9K,2.1K,1.8K,June
ana_eusse,Ana Maria,11.7M,2.4M,343.6K,1K,166,June
analisseworld,Analisseworld,10.3M,2.3M,418.7K,926,1K,June
anaraquelhz,Raquel,4M,1.6M,185.9K,1.4K,6.8K,June
anas_elshayib,Ø§Ù†Ø³ Ø§Ù„Ø´Ø§ÙŠØ¨,3.9M,3.1M,182.1K,4.6K,1.9K,June
andcarli,Anderson Carli,8.1M,7M,236.5K,1.3K,589,June
andremastijan,andre,723.7K,5.2M,360K,2.7K,12.5K,June
andy.and.michelle,Andy & Michelle,4.4M,2.8M,399.9K,1.8K,4.6K,June
anitta,Anitta,20M,2.4M,256.8K,945,380,June
anna..paull,Anna Paul,4.4M,3.1M,731.7K,2.1K,474,June
annajobling,anna jobling,477K,4.1M,482.7K,4.5K,2K,June
annaxsitar,anna x,11.9M,3.1M,454.2K,741,424,June
apollolikesblu,Apollolol,3K,702.3K,124.5K,9.5K,2.1K,June
areyoukiddingtv,Joey and Steven,4.8M,4.1M,648.8K,2.5K,316,June
arfaytb,ARFAYTB,372.7K,894.1K,108.7K,456,7.6K,June
argentinidadnovelera,zoe,91.8K,1.8M,160.5K,953,10.8K,June
arigameplays,AriGameplays,21.5M,4.9M,559K,2.7K,2.3K,June
artbydemarcusshawn,DemarcusShawn,6.1M,1.8M,273.8K,2.7K,2.8K,June
ashmonterooo,ash,8.9K,2.6M,437.2K,6.6K,15.4K,June
aubreyandersonemmons,Heyyyy,1.1M,1.8M,320.8K,2K,1.8K,June
augustogimenez,AugustoGimenez,12.5M,4.4M,562.8K,1.2K,538,June
aureliehermansyahatta,Aurelie Hermansyah,7.4M,1.9M,190.1K,1.4K,1.3K,June
aurikatariina,á´€á´œÊ€Éª âœ¨,7.4M,8.9M,1M,4K,3.7K,June
aussiesdoingthings,Aussies Doing Things,2.7M,1.2M,170K,602,3.6K,June
aussiesdoingthings,Aussies Doing Things,2.7M,1.2M,170K,602,3.6K,June
austenalexander,Austen Alexander,321.4K,1.3M,125.7K,1.1K,5.2K,June
avanireyes,Avani ðŸ‘½,5.1M,3.5M,283.6K,1.9K,542,June
awildani13,NgebisOnline,77.2K,3.7M,498.4K,5.9K,4.4K,June
ayaatanjali_,AyaðŸ˜,5.9M,1.6M,303.1K,1.2K,780,June
ayanakamachi,ä¸­ç”ºç¶¾,1.4M,3.2M,206.5K,1K,1.8K,June
aybukeyim,AybÃ¼ke,1.2M,3.1M,162.7K,2.1K,500,June
aydenmekus,AYDEN MEKUS,10.5M,3.6M,275.4K,8.6K,1.3K,June
ayesebastien,Sebastien,7.2M,2M,396.5K,2.1K,1.8K,June
aylin.criss,Aylin,17.3M,2.6M,385.7K,2.1K,355,June
badbunny,Bad Bunny,22.2M,48.9M,9M,58.4K,96.7K,June
baimwong,Baim Wong,8.5M,2.1M,130.6K,2K,1.9K,June
bankkamo46_,bankkamo46_ðŸ¦–,1.3M,1.5M,204.7K,1.1K,3K,June
bara_ze,BARA Ze,2.5M,1.8M,118.8K,4.3K,2.4K,June
barbaracoura,BÃ¡rbara Coura,8.8M,1.5M,239.7K,1.4K,816,June
basementgang,Basement Gang,5.4M,2.9M,256.2K,1.9K,2.7K,June
bavariamedic,bavaria.medic,489.7K,7.1M,553.6K,1.6K,3.4K,June
bayashi.tiktok,ãƒãƒ¤ã‚·ðŸ¥‘Bayashi,28.4M,6.2M,713.1K,3.6K,2K,June
baylenlevine,Baylen Levine,4.2M,1.2M,190.3K,2.9K,903,June
bdylanhollis,B. Dylan Hollis,8.6M,3.5M,792.8K,4.1K,10.4K,June
bear,blackbear,1.2M,2.8M,284.4K,1.1K,371,June
beberexha,BebeRexha,7.3M,2M,278K,3.7K,1.8K,June
bebopandbebe,BebopandBebe,750.4K,3.3M,127.2K,7.6K,354,June
beca,Rebeca Barreto,23M,1.7M,219.8K,2.2K,1.5K,June
bellafoodie,Julie & Bella,4.2M,2.3M,271.8K,709,778,June
bellapoarch,Bella Poarch,90.2M,6.8M,921.9K,9.5K,1.2K,June
bellaretamosa,bella,5.4M,2.3M,394.3K,1.1K,709,June
ben_brainard,Benjamin Brainard,2.6M,1.3M,296.9K,1.2K,1.1K,June
benjikrol,Benji Krol,31.1M,1.6M,234.7K,1.8K,348,June
berusahalucu,Berusaha Lucu,694K,3.9M,239.8K,954,940,June
bessan_esmail,Ø¨ÙŠØ³Ø§Ù† Ø§Ø³Ù…Ø§Ø¹ÙŠÙ„ - Bessan Ismail,10.4M,2.5M,175.7K,2.6K,1.3K,June
bhaviboi,bhaviboi,279.7K,3.4M,346.9K,677,791,June
bi_131_bi,B.I,1.4M,1.1M,232.1K,2K,1.3K,June
bibidong07,nhá»‡nðŸ•·ï¸ðŸ•¸ï¸(tÃ­ch xanh lÃ¡ trá»i),5.7K,1.9M,149.8K,6.6K,3.9K,June
biggieclean,Biggie Clean,4.8M,3.7M,364.5K,1.4K,456,June
bilal.hd91,Bilal Haddad | Ø¨Ù„Ø§Ù„ Ø§Ù„Ø­Ø¯Ù‘Ø§Ø¯,2.1M,1.5M,175.1K,3.1K,1.2K,June
bilalahy,Bilal,2M,1.1M,224.5K,1.3K,2.1K,June
billlnai,nai,8.5M,1.7M,403.7K,958,912,June
blacchyna,blacchyna,1.1M,1.7M,174.2K,3.7K,1.1K,June
blacksels,seul,59.1K,620.8K,208.8K,1.8K,5.4K,June
blakeb628,Blake,568.4K,1.3M,161.3K,1.1K,10.3K,June
blondebrunetteredhead,Lamila Petschart,12M,14.2M,2.6M,9.8K,7.5K,June
boberrybiscuits2,ðŸ¤¾ðŸ¼,59.8K,1.5M,309.9K,1.9K,7.5K,June
booboothafoocloset,Boo Boo,1.4M,1.2M,314.5K,673,1.3K,June
borhen.kachbouri,borhen kachbouri,204.1K,3.6M,331.2K,926,604,June
botakteras,Mike,2.8M,2.4M,207.1K,1.7K,529,June
boywithuke,boywithuke,4.9M,1.7M,209.3K,2.2K,691,June
brandonrogers,Brandon Rogers,1.5M,2.7M,497K,1.7K,4.7K,June
brandonspam_,Brandon Conner,8M,1.9M,380.2K,2.1K,348,June
brentrivera,Brent Rivera,43.9M,2.9M,540.2K,2.2K,321,June
bretmanrock,bretmanrock,14.2M,3.2M,617.2K,1.7K,1.4K,June
bricks.and.disorder,Ola ðŸ¤œðŸ¾âš¡ï¸ðŸ¤›ðŸ» Cullen,755.3K,2.5M,448.1K,1.2K,666,June
briggi_bozzo,Briggitte Bozzo,22M,3.6M,335K,388,571,June
brilionaire,model kentangðŸŸ,3.9M,4.1M,369.6K,2.1K,7K,June
brittany_broski,Brittany,7M,1.3M,236.7K,1.2K,1.4K,June
brittikitty,Brittany & Lily,12.6M,3.7M,550.9K,2.1K,2K,June
brodywellmaker,Brody Wellmaker,21.1M,6.3M,853K,6.1K,16.4K,June
brookemonk_,Brooke Monk,20.3M,2.7M,466.9K,2.2K,1.2K,June
brunabarbieoficial,Bruna Barbie,18.4M,2.6M,168.8K,12K,1.9K,June
bstchld,BeastChild,4.4M,2.8M,362.7K,3.1K,5.2K,June
bukanstreet,Bukanstreet,1M,1.3M,171.5K,2.4K,1.5K,June
burnaboyofficial,Burna Boy,972.8K,1.3M,164.5K,1.8K,2.4K,June
c4tluvr666,kennedy,2.4M,2.7M,558.5K,1.4K,1.5K,June
cakelegend,Â¡Aliya!,1.3M,3.5M,900.6K,14.6K,1.1K,June
caleb.green,Caleb Green,2.9M,3.1M,256.4K,897,329,June
camimendes,camila mendes,2.6M,6.2M,971.2K,2.8K,777,June
canalzezao,ZezÃ£o,5.9M,1.9M,105K,1.1K,6K,June
caocuongvu,caocuongvu,3.7M,3.4M,395.4K,2.2K,797,June
captain.cream,CAPTAIN CREAM,4.2M,2.8M,345.5K,3.2K,4.2K,June
carebearkieran,Kieran,469.1K,1.6M,354.4K,1.2K,2K,June
carlcunard,Carl Cunard,3M,5M,158.3K,1.3K,3.1K,June
carloandsarah,,3.7M,2.7M,240.6K,886,2.3K,June
carloscastroes,Carlos Castro,12M,1.6M,152.3K,400,3.1K,June
carloscastroes,Carlos Castro,12M,1.6M,152.3K,400,3.1K,June
carlosferiag,Carlos Feria,39.2M,3.3M,251.9K,2.2K,203,June
carolcastromx,Carol Castro,11.3M,3.1M,440.7K,1.5K,367,June
carolinarinconf,carolina,5.5M,5.9M,654.1K,3.2K,2.9K,June
carolvillanes,Carol Villanes,5.5M,1.9M,336.4K,6.6K,322,June
cassholland,Cassie Holland,1.7M,2.4M,390.2K,1.4K,943,June
cavalo.do_rock,daniel molo oficial,154.4K,1.4M,258.5K,7K,17.7K,June
cbum,Chris Bumstead,2.6M,1.6M,215.8K,1.1K,2.7K,June
cciinnn,CiiN,6.6M,2.6M,296.4K,1.7K,588,June
cdiasss_,Carol Dias,2.5M,1.9M,497.4K,2.3K,977,June
cecia.loaiza,Cecia Loaiza âœ¨,6.2M,1.9M,277.7K,2K,388,June
cedriklorenzen,Cedrik Lorenzen,2.5M,3M,301.1K,4.3K,8.1K,June
cellat36,cellat36,8.5M,1.9M,171.4K,5.4K,1.6K,June
cemresolmaz,cemre solmaz,10.3M,2.4M,164.3K,6.4K,1.6K,June
cerenyaldz,Ceren YaldÄ±z,9.3M,1.1M,97.7K,7.9K,1.5K,June
cerolzera,CEROL,4.1M,1.7M,180.4K,2.7K,1.3K,June
cesarpantoja.n,Cesar Pantoja,13.2M,3M,489.1K,1.3K,311,June
cha.momilie,Roma,1.2M,2M,282.1K,2K,1.1K,June
championsleague,Champions League,14.9M,3.8M,551.9K,3.4K,2.3K,June
chamrent,chamrent,2.1M,3.7M,370.9K,1.7K,1.3K,June
chanelterrero,Chanel Terrero,404.7K,2.3M,257K,1.5K,387,June
chang._.a,ì°½í•˜CHANGHA,22M,1.4M,286.2K,3.6K,1.9K,June
charlidamelio,charli dâ€™amelio,142M,16.4M,1.8M,27.3K,9.5K,June
charlieputh,Charlie Puth,17.2M,1.9M,234.6K,2.6K,772,June
charlymarieofc,CharlyMarieofc,966K,1.3M,103.1K,1.5K,5.4K,June
charlyokei,Charlyokei,4.1M,3.6M,343.5K,824,1.1K,June
chedurena,Che Durena,6.8M,2M,231.5K,1.7K,6.8K,June
cheekykiddo,alexðŸ¤,4.1M,2.2M,231.8K,489,1.6K,June
chicken_nugget_.0,ChickenNugget,862.7K,1.6M,240.6K,1.9K,2.8K,June
chiefilomeno,C  H  I  E,2.8M,2.4M,179.1K,1.5K,596,June
chikakiku,ðŸ–¤ðŸ™†ðŸ»â€â™€ï¸âœ¨ðŸ§šðŸ»,8.5M,3.3M,247.1K,2.1K,679,June
chimeconem.official,Chá»‹ Máº¹ & Con Em,637.6K,3.9M,247K,599,442,June
choega,BEDDY,5.5M,2.1M,348.2K,4.1K,2K,June
chourouk.model_official,Chourouk_model_official,4.8M,3.4M,147.2K,851,2.4K,June
chris,Chris Olsen,7.7M,2.1M,353.3K,897,895,June
chrisbrownofficial,chrisbrownofficial,6.2M,2.2M,306.6K,3.6K,3.6K,June
chrisdelia,ChrisDElia,2M,1.1M,163.2K,1.1K,3.1K,June
cicichania96,Cici Chania,2.7M,2.7M,188.1K,2.3K,1.6K,June
cizimmektebi,Ã‡izim Mektebi,338.1K,6.1M,239.6K,3.3K,6.8K,June
claragnds,Maria Clara Garcia,17.1M,1.8M,219.2K,2.4K,1.2K,June
clerishwijaya,Cherish Wijaya,494.2K,1.8M,129.9K,2.6K,3.6K,June
clubgodzilla,Beatking,195.2K,3.1M,618.6K,4.6K,1.7K,June
cocielo,JÃºlio Cocielo,4.6M,3.6M,438.2K,601,613,June
codsterss,codsterss,58K,13M,951.6K,13.2K,136K,June
com.yamato0515,ã€ã‚³ãƒ ãƒ‰ãƒƒãƒˆã€‘ã‚„ã¾ã¨,1.8M,2.3M,213.7K,2.8K,1.5K,June
com.yamato0515,ã€ã‚³ãƒ ãƒ‰ãƒƒãƒˆã€‘ã‚„ã¾ã¨,1.8M,2.3M,213.7K,2.8K,1.5K,June
com.yuta0305,ã€ã‚³ãƒ ãƒ‰ãƒƒãƒˆã€‘ã‚†ã†ãŸ,1.2M,2.2M,226.7K,2.4K,1.9K,June
com.yuta0305,ã€ã‚³ãƒ ãƒ‰ãƒƒãƒˆã€‘ã‚†ã†ãŸ,1.2M,2.2M,226.7K,2.4K,1.9K,June
conangray,conangray,5.7M,1.4M,363.2K,3.7K,1.8K,June
coopernoriega,Cooper Noriega,2.9M,4.2M,287K,2.5K,1.6K,June
creationsross,RossCreations,2.4M,3.2M,402.1K,1.2K,4.3K,June
creative_explained,Armen Adamjan,4.5M,1.9M,184.9K,836,7.8K,June
criminalksa,ÙƒØ±ÙŠÙ…Ù†Ø§Ù„ðŸ¦Š,1.1M,3M,223.6K,1.2K,859,June
cris_soto.09,CRIS SOTO MTA,361.4K,2.3M,126.5K,340,5.2K,June
crisp.ink,ð‘ðšðœð¡ðšðžð¥,620.6K,2.2M,536.9K,4.1K,10.6K,June
cristobalsoria,CristÃ³bal Soria,701K,3M,392.8K,6.6K,14.5K,June
cuongkido,CÆ°á»ng kido,1.5M,3.6M,221.9K,869,704,June
cvillaloboss,Carmen Villalobos,13M,6M,500.6K,2.9K,927,June
cznburak,cznburak,59.5M,4.3M,288.9K,1.6K,927,June
daffaxml,YouTube : Daffa AL,864.5K,1.9M,190.3K,2.8K,1.3K,June
dafnnejm,dafnne â˜»,2.1M,1.6M,354.7K,688,761,June
dal9_5,DalÃ© .,102.6K,1.8M,204.2K,4.3K,10.9K,June
daniel.labelle,Daniel LaBelle,26.2M,5.5M,777K,2.6K,3.4K,June
danivallem,Dani Valle,4.5M,1.4M,108.4K,764,16.1K,June
dannapaola,Danna Paola,16.3M,4.5M,554.1K,1.6K,778,June
danphto,D A N P H T O,448K,2.3M,206.9K,2K,382,June
danythegaggio,Daniele Cabras,3M,2.2M,300.2K,2.5K,12.1K,June
daotthungan,ÄÃ o TThu NgÃ¢n,1M,3.1M,229.7K,985,301,June
daraarafah24,daraarafah,786.4K,3.3M,429.8K,5.8K,2.7K,June
darianrojasc,D A R I A NR O J A S,30.4M,8.1M,1M,3.9K,1.2K,June
dasigantung,Dasi Gantung,5.6M,2.7M,426.2K,1.2K,918,June
datdo0803,Äá»— Äáº¡t,6.9M,5.8M,592.4K,2.2K,696,June
datvilla94,ðŸ”¥Äáº¡t VillaðŸ”¥,7.1M,4.5M,490.8K,8.3K,4.6K,June
daveardito,Dave Ardito,8.8M,3.9M,330.6K,2.6K,1K,June
daviddobrik,DAVID DOBRIK,26M,5M,854.6K,2.1K,2.6K,June
davidgalvanv,David GalvÃ¡n,4.8M,2.1M,291.8K,2K,548,June
davidsiwonchoi,ìµœì‹œì› â€¢ Siwon Choi,2.5M,1.9M,309.7K,2.2K,1.8K,June
davidyrodriguez,That French Guy,8M,1.4M,256.6K,1K,1.7K,June
deborahyowa,Deborah yowa,14.5M,6.9M,351.4K,6.5K,2.7K,June
deiveleonardooficial,Deive Leonardo,5.8M,1.8M,194.8K,1.9K,39.7K,June
delaneysayshello,Delaney Rowe,1M,1.3M,224.6K,1.3K,2.9K,June
dennnyn,DENII,3.4M,1.1M,148K,959,6.7K,June
deon.k.washington,DeonðŸ‘‘,112.8K,717.2K,125.3K,1.4K,7.7K,June
dereklipp_,Derek Lipp,4.9M,2.5M,348.2K,1K,4.4K,June
devincaherly,Devin Caherly,7.9M,2.7M,279K,1K,119,June
devon_palmer,devon palmer,1.9M,2.1M,432.5K,1K,1.7K,June
dexter.the.tabby,dexter.the.tabby,159.2K,4.7M,1M,12.4K,13.1K,June
dhanihehee,BSKãƒ»ï¼¤ï½ˆï½ï½Žï¼‘áµ€áµ’á´¾,1.4M,1.8M,138.3K,4.3K,661,June
diefebri19,Febriana,686.7K,1.7M,227.2K,1.8K,293,June
diegodiego_,Diego Cruz,7.8M,3.3M,496.8K,2.5K,2.1K,June
diiegospyckerzs,Diiego Spyckerzs,808.5K,2.8M,154.5K,3K,11.8K,June
dilanjaniyar,Emang namanya Dilan,1.7M,2.2M,283.9K,1.6K,1.1K,June
dilanjaniyar_2,Emang Dilan namanya,2.5M,2.2M,262.7K,1.6K,1.3K,June
dilaraaduman,Dilara Duman,2.2M,4.7M,338.3K,1.5K,1K,June
dissectpodcast,dissectpodcast,471.6K,1.3M,252.5K,1.4K,5.3K,June
ditanganu,DitaKerangðŸŒŠ,5.9M,3.6M,416.1K,2.4K,768,June
dj_hyo,Hyoyeon_djhyo,1.6M,3.2M,606.7K,5.6K,3.2K,June
djsnake,DJ Snake,2.3M,2.2M,247.8K,1.9K,1.5K,June
dmcomics,DM,493.4K,1.7M,169.1K,2.2K,10.1K,June
domelipa,Dominik,54.2M,8.6M,1.5M,14.3K,4.1K,June
dontstopmeowing,Kareem & Fifi,11M,1.8M,224.4K,1.1K,1.7K,June
dorychang_03,ChangDoryðŸ¬,3.8M,3.9M,341.5K,1.5K,943,June
dovecameron,Dove Cameron,11.6M,2.8M,538.8K,1.5K,492,June
drewafualo,Drew Afualo,7.4M,2.7M,568.2K,3.7K,1.4K,June
drisantosbr,drisantosbr,3M,1.5M,197K,1.7K,2.4K,June
droop314,Droop314,465.9K,997.2K,70.2K,1.3K,13.1K,June
druskitv,DRUSKI,3.5M,2.8M,519.5K,3K,9.4K,June
dualipaofficial,Dua Lipa,8.4M,3.1M,178.7K,1.6K,2K,June
dudamaryah,dudamaryah,5.2M,2.2M,367.7K,1.4K,1.3K,June
dudamaryah,dudamaryah,5.2M,2.2M,367.7K,1.4K,1.3K,June
duncanyounot,Duncan Joseph,4.3M,720.5K,246.4K,2.9K,1.9K,June
dunkmvp,DunkMVP,3.3M,4.6M,698.7K,1.3K,2.2K,June
dxbxd,Saad Abdullah,2.4M,1.8M,219.1K,2.2K,1.5K,June
dylanmulvaney,Dylan Mulvaney,5.4M,3.1M,700K,7.3K,1.8K,June
dylanpage.ning,Dylan Page,2.8M,2.2M,344.3K,5.2K,2.6K,June
earlthejackass,Earl,84.5K,2.9M,359.2K,3.8K,14.1K,June
editnessbarrett,NESS,157.3K,1.5M,275.7K,1.8K,845,June
edpeople,Ed People,1.4M,1.8M,278.1K,1.8K,1.5K,June
edsheeran,Ed Sheeran,11.4M,1.8M,166.9K,2K,672,June
eduardbaka,Eduard,1.5M,1.4M,233.6K,1.9K,978,June
edwinmendozza,ð–Šð–‰ð–œð–Žð–“,14.7M,3.2M,514.3K,1.1K,249,June
eggrollfish,7aizagatha,56.5K,2.2M,438.3K,3.2K,7.9K,June
ehbeefamily,Eh Bee Family,11.4M,3.4M,344.5K,1.3K,761,June
ehlija,Eh Lija,3.9M,3.1M,402.7K,1.8K,1.7K,June
el_chicanero,El_chicanero,2.7M,2.5M,227.1K,1.5K,7K,June
el_creador_del_sex3,HOLASðŸ•º,31.2K,1.3M,134K,1.7K,3.1K,June
el.pollofritoxd,por fin a alguien,89.2K,1.2M,220.8K,4.1K,8.9K,June
elchimbatv,EL CHIMBA,1.7M,3.4M,277.9K,1.2K,3.7K,June
elinameng,elina meng,2.1M,4.2M,558.4K,886,598,June
elliotforbes,Elliot Forbes,8.3M,3.5M,292.2K,628,311,June
elmercanchi,Que chimba sog,1.5M,4.2M,362.9K,2.4K,7.2K,June
elongggg,ELONGGGG,2M,2.1M,339.8K,2K,589,June
elrodcontreras,RODðŸ« ,41.1M,3.6M,496.7K,3.8K,622,June
elysemyers,Elyse Myers,5.1M,1.5M,172.7K,2.7K,1.7K,June
em.ire,irene,259.5K,1.2M,211.6K,2.2K,2.8K,June
emiliamernes,Emilia Mernes,3.9M,10.8M,1.6M,3.9K,2.7K,June
emillyvickof,Emilly Vick,10.3M,4.4M,354K,707,638,June
emilmario69,emilmario,7M,5.5M,199.9K,3.7K,1.3K,June
emilyfauver,emily&ella,3.6M,2.6M,380.2K,730,1.3K,June
emilymariko,Emily Mariko,10.9M,3.3M,309.1K,945,560,June
emmybear1005,Emily,1.6M,4M,431.3K,2.8K,2K,June
engfa32,ENGFA,2.7M,1.7M,233.3K,1.6K,829,June
enhypen,enhypen,11.8M,8M,2.4M,63K,40.6K,June
enzomk_,enzomk,879.7K,2.7M,229.6K,1.1K,9.6K,June
erictro,Eric Tro,3.9M,5.5M,534K,618,1.1K,June
erinboyle_np,Erin Boyle,5.9K,1.8M,123.6K,2.5K,20.1K,June
esnyrdump,esnyrDUMP,896.1K,2.4M,409.7K,3.3K,1.8K,June
estanahi,AnahÃ­,1.3M,2.9M,419.5K,833,571,June
estetsh0,Belal L Galy,1.1M,1.2M,165.8K,1.1K,4.1K,June
eupereiraoficial,Eu Pereira,7.2M,9.9M,776.6K,4.2K,7.7K,June
euro2024,EURO2024,7.2M,2.1M,390.5K,2.7K,2K,June
euwillou,Willou,8.6M,2.3M,360.9K,1.7K,2.7K,June
everydaycode,Everyday Code,223.3K,2.7M,235.4K,1.1K,2.3K,June
expeditionevans,Expedition Evans,271.3K,3M,355.7K,542,2K,June
eyavanana,Eya,12.3M,2.9M,492.5K,1.7K,1.2K,June
fabiola.baglieri,ð¹ð‘Žð‘ð‘–ð‘œð‘™ð‘Ž,12.3M,2.9M,375.9K,1.2K,537,June
fabru_blacutt,Fabru,18.1M,2.2M,242.9K,2.4K,562,June
fadiljaidi,Fadil Jaidi,8.3M,10.7M,1.7M,11.4K,8.2K,June
fahmi.n1997,fahmi.N1997,1.9M,4M,389.5K,1.7K,835,June
fahmi.nm,Fahmi,8.3M,2.7M,260.9K,1.4K,738,June
faithkristin,faith kristinâ˜ï¸,592.1K,1.8M,271.7K,4.8K,5.1K,June
farhakhalidi,Farha Khalidi,1.4M,2M,364.7K,2.6K,2.2K,June
farhanrn__,FARHAN,4.7M,4.2M,688K,3.2K,1.7K,June
faryanggaa,Ryann,5.2M,1.8M,344.4K,1.5K,491,June
fedevigevani,Fede Vigevani,13.6M,3.3M,437.7K,2.3K,561,June
fedez,fedez,5.5M,2.8M,422.4K,1.2K,2.3K,June
felipenpv,Felipe Paiva,2.2M,2.8M,515.5K,5.5K,4.5K,June
femin,ThiÃªn Ã‚n,2.1M,2.9M,254.5K,4.5K,573,June
fendibaee,ðŸ¤,54.9K,788.7K,206K,3.6K,3.1K,June
ferchugimenez,Fernanda,6.1M,4.1M,729.3K,1.8K,1.2K,June
ferxxo444,Feid,2.6M,1.2M,234.8K,1.4K,4.5K,June
firmanskd,ð™†ð™Šð˜¾ð˜¼ð™‰,2.7M,2.3M,212.6K,654,9.9K,June
firmanskd,ð™†ð™Šð˜¾ð˜¼ð™‰,2.7M,2.3M,212.6K,654,9.9K,June
flavinhalouise,Flavinhalouise,11.5M,1.4M,128K,740,3.6K,June
fleekedbymitch,fleekedbymitch,821.2K,5.6M,590.9K,3.2K,3.8K,June
flickerspark_,flickerspark_,1.2M,2.1M,516.8K,1.4K,1.5K,June
fontenel.le,fontenelle,243.8K,1.2M,259.5K,2.2K,540,June
foodtimecali,Juan C | RECETAS FOODTIME,4.1M,3.8M,284K,655,20.8K,June
football.clips_09,Football & FIFA Content âš½ï¸,224.5K,3.3M,323K,1.7K,1.1K,June
fox.brown,Fox,391.7K,1.8M,308.2K,1.6K,3.4K,June
frankielapenna,Frankie LaPenna,3.4M,7.1M,316.7K,1.2K,4.1K,June
freeritzyralph,Ritzyralph,1.6M,1.1M,281.5K,2K,2.4K,June
frnzlynfby,Feby,2.4M,1.4M,324.7K,1.5K,1.7K,June
fujiiian,Fuji,15.4M,4.3M,449.4K,2.1K,1.9K,June
furryfritz,furryfritz,3.9M,1.7M,271.6K,1.1K,2.5K,June
fyp,jack neel,8.3M,1.8M,372.2K,762,544,June
g.catt.eng,Dennis loves cats,2M,1.9M,219.9K,1.1K,1.3K,June
gameboytok,Gameboyrl,33.9K,2.8M,424.5K,1.3K,3.1K,June
gemelasabello2,gemelasabello2,15.7M,5.7M,554.8K,1K,1.8K,June
german_crusader,Stardust Crusader,158.6K,1.1M,208.9K,1.7K,4.6K,June
germangarmendia,German Garmendia,17.5M,8.8M,1.6M,17.2K,9K,June
ghait6h,ØºÙŠØ« Ø®Ø§Ù„Ø¯,1.1M,1.6M,176.5K,4.3K,674,June
giangiu88,GiaNGiu,3.7M,2.5M,304.5K,1.2K,2.7K,June
giannis_an34,Giannis Antetokounmpo,3.4M,1.7M,210.3K,1.8K,764,June
gil_foot2,gil_foot2,1.5M,1.2M,210.6K,513,3.3K,June
glbtfilms,â¦,76.3K,684.7K,195.6K,2.4K,3.4K,June
goldens.fourever7,Z&M&B&N&F&C&T,965K,1.2M,171.5K,1.3K,7K,June
gordonramsayofficial,Gordon Ramsay,32.8M,11.2M,648.3K,5K,1.9K,June
grbgt9,zu Hause âœŒðŸ¾,132.6K,2.2M,177.6K,1.1K,2K,June
greenshrimps,olivia,83.3K,1.5M,334.9K,2.8K,1.3K,June
gregisms,Gregismsâ€™ Neighborhood,2.4M,1.1M,180.6K,6.6K,6.4K,June
gtcreationslime,Giovanni T. ðŸ‡®ðŸ‡¹,4.1M,3.1M,183.9K,728,946,June
guilhermebatilani,guilhermebatilani,398.7K,2.1M,323.3K,983,2.7K,June
guiraya,O MilionÃ¡rio,733.2K,2.2M,197.3K,1.3K,1.3K,June
gustavomeloof,Gustavo Melo,5M,1.4M,113.4K,1.2K,8.8K,June
gusyterequijas,Gus Quijas,1.8M,1.6M,236.9K,777,2.7K,June
gutierrezcastro,Gutierrez Castro,13M,1.4M,229.9K,2K,2K,June
gzfoodqood,Foodqood by Giallozafferano,17.1M,2.5M,237.5K,745,808,June
haidang_doo,Hai Dang Doo,2.6M,4.5M,317.3K,607,398,June
haileybieber,Hailey Bieber,9M,2.4M,257K,2.5K,805,June
hakobone,jakobone_hh,299.2K,2.9M,195.8K,1.6K,6.5K,June
halinhofficial,Ha Linh Official,1.3M,3.2M,223.3K,3.2K,1.2K,June
haqiemstopa,Haqiem_stopa,846.7K,2.1M,156.4K,2.5K,697,June
haritsuuu,ãƒãƒªãƒ„ðŸŒ¿æ¥µ,1.8M,6.7M,307.3K,7K,8.8K,June
harry.shin,harry - hiatus era â˜†,904.5K,4.3M,509.6K,2.4K,833,June
hasanmucci,hasanmucci,2.1M,2.5M,196.6K,1.6K,619,June
hat590,HAT Snow,3.6M,1.5M,191.3K,2.4K,306,June
hayleygeorgiamorris,Hayley Morris,3.2M,2.4M,366.7K,1.4K,9.6K,June
herranwalt,Herr Anwalt,5.5M,1.8M,282K,2.3K,1.6K,June
hikakin,HIKAKIN ãƒ’ã‚«ã‚­ãƒ³å…¬å¼,1.6M,4.8M,454.5K,4.1K,6.3K,June
hoaa.hanassii,ÄÃ o LÃª PhÆ°Æ¡ng Hoa,12.8M,6M,618.5K,3.8K,849,June
hoaminzy_hoadambut,HoÃ  Minzy,4.2M,2.8M,280.2K,789,268,June
hoaminzy_hoadambut,HoÃ  Minzy,4.2M,2.8M,280.2K,789,268,June
homm9k,Ð¥ÐžÐœÐ¯Ðš,42.1M,2.2M,301.9K,2.3K,569,June
hourialesyeuxverts_off,Houria les yeux verts,143.2K,1M,102.1K,1.5K,6K,June
how.kev.eats,how.kev.eats,2.2M,2.6M,305.9K,1.4K,401,June
howridiculous,howridiculous,13.6M,13.9M,516.3K,889,758,June
hstikkytokky,hstikkytokky,808.7K,1.6M,161.4K,2.5K,1.7K,June
hunterprosper,Hunter Prosper,4.7M,2.2M,384.6K,1.2K,1.9K,June
i.f.t.fishing,IFTFishing,9.7K,3.8M,154.5K,2.1K,12K,June
iamdikeh,Dikeh,2.8M,1.8M,174.5K,2.4K,1.3K,June
iamferv,Fernanda,29.3M,10M,1.4M,10.2K,6.4K,June
iamkelianne,Kelianne,9.9M,4.2M,452.5K,360,263,June
iamnotshaneofficial,iamnotshane,225.5K,2.2M,187.4K,554,2.8K,June
iampauloandre,Paulo AndrÃ© ðŸ,1.4M,4.3M,854.1K,5.5K,6.4K,June
iamzario,zario,2M,1.2M,244.6K,1.8K,1.5K,June
iben_ma,Iben M.A.,7M,5.2M,379.1K,20.9K,1.1K,June
ig_alongwiranda,ðŸ•ŒðŸƒ,880.7K,3.2M,129.4K,1.2K,20K,June
ikercasillas,Iker Casillas,2.4M,1.3M,212.1K,2.4K,3K,June
ikhmal_azzarin,Ikhmal Azzarin,407.4K,4.4M,303.7K,4K,3.8K,June
iloveyourmomscatt,,8.2K,1.3M,159.3K,4.9K,3.3K,June
ilusha_help,ilusha_help,4.6M,2.3M,75.9K,1.2K,7.9K,June
ilyasikuba,Ilyasikuba,2.7M,1.9M,188.8K,558,2.4K,June
imdimpey,Dimpey,8M,1.4M,330K,3.1K,4.7K,June
imma.tokyo,imma,486.9K,9.9M,1.2M,5.7K,3.1K,June
inachitomer,iNacho Mer,1.3M,2.9M,516.2K,1.1K,1K,June
incorrectlyroce,Roce OrdoÃ±ez,6.5M,3.9M,650.4K,2K,2.3K,June
infinite,Infinite,7.3M,4.8M,722.3K,6.9K,382,June
infinite,Infinite,7.3M,4.8M,722.3K,6.9K,382,June
ingratax,ingrid,14.8M,3.1M,617.8K,784,420,June
initiaraandini,tiara andini,4.7M,3.5M,338.6K,1.3K,1.2K,June
iqmorteza,Ù…Ø±ØªØ¶Ù‰ Ù…Ø­Ù…Ø¯,873.5K,3.7M,429.8K,6.5K,2K,June
isaach.p,Isaac H.P,1.8M,1.2M,189.4K,3.2K,2.1K,June
isaiahgarza,Isaiah Garza,7.5M,1.6M,297.3K,1.5K,954,June
isaliagomez_,Salma Isalia GÃ³mez,703.8K,1.6M,297.3K,863,3.7K,June
its.michhh,Michel Chavez,30.2M,2.4M,369.7K,1.9K,193,June
itsjojosiwa,JoJo Siwa,41.8M,3.5M,429.2K,2.2K,619,June
itskingchris,KingChristian,16.2M,1.8M,355K,3K,1.8K,June
itslennnie,lennnie,2.3M,764.7K,120.6K,1.5K,20.4K,June
itsmenicksmithy,Nick Smithyman ðŸ¤“,7.4M,2.2M,415.4K,3.4K,2.4K,June
itsoraida,itsoraida,4.2M,1.1M,254.5K,1.7K,2.1K,June
itsqcp,QCP,10.1M,1.6M,297.7K,1.5K,916,June
itssassagurl,Sassa Gurl,6M,3.9M,716.4K,3.3K,6.5K,June
itstalasafwan,ØªØ§Ù„Ø§ ØµÙÙˆØ§Ù† | Tala SafwanðŸŒµðŸ‘¸ðŸ½,4.7M,2.9M,177.6K,4.6K,1.4K,June
itsthescotts,The Scotts,6.2M,1.5M,231.7K,517,2.2K,June
itzyofficial,ITZY,8.4M,1.2M,332.4K,3.8K,2.3K,June
ivanmartinez,Ivan KENðŸ¤´ðŸ¼,12.4M,3M,392.1K,1.3K,489,June
ivanovik.83,ivanovik.1983,172.7K,2.3M,91.5K,1.1K,11.1K,June
ive.official,IVE.official,2.2M,7.7M,1.5M,12K,14K,June
jack_papho69,à¹à¸ˆà¹‡à¸ à¹à¸›à¸›à¹‚à¸®,6.7M,3.3M,313.1K,2.3K,964,June
jackgrealish,Jack Grealish,3M,2M,256K,4.5K,1.7K,June
jacobday,jacob day,3.7M,1.2M,193.1K,3.4K,1.2K,June
jadepicon,JADE PICON ðŸŒª,8.1M,2.8M,342.7K,1.8K,843,June
jaimeonod,Telma,1.5M,2M,319.5K,3.2K,1.3K,June
jakeandrich,Jake Andrich / Jakipz,12M,2.6M,241.8K,2.5K,3.3K,June
jakeandrich,Jake Andrich / Jakipz,12.5M,1.8M,184.3K,2K,2.7K,June
jakemaldonado,Jake Maldonado,6.5M,1.7M,324.1K,659,2.7K,June
jakepaul,Jake Paul,16.5M,3.1M,354.9K,2.8K,1K,June
jamescharles,James Charles,36.2M,3.1M,344.6K,1.6K,631,June
janeydm,à¸£à¸±à¸Šà¸™à¸ à¸ªà¸¸à¸§à¸£à¸£à¸“à¹€à¸à¸•à¸¸,14.3M,2.6M,305.1K,1.3K,381,June
jaxwritessongs,Jax,9.5M,2.4M,346.5K,3.1K,2.2K,June
jaykindafunny8,Jaykindafunny,23.9M,5.8M,426K,3.3K,4.6K,June
jaynie.dizire,JaynieðŸ§ŽðŸ½â€â™€ï¸,19.1K,1.2M,193.5K,3.2K,2K,June
jayrscottyy,CHESTA,2.7M,2.5M,333.2K,3.4K,1.9K,June
jdiasss_,JoÃ£o Dias,7.4M,2.8M,610.5K,5.6K,4.9K,June
jdpantoja,JD Pantoja,28.8M,4.1M,658.3K,8K,1K,June
jefripradewa,ð—ð—˜ð—™ð—¥ð—œ ð—£ð—¥ð—”ð——ð—˜ð—ªð—”,226.2K,1.6M,178.8K,3K,10.7K,June
jellybeannotvince,cutejellybean,542.7K,2.7M,352.2K,2.8K,6.9K,June
jennifergarner,Jen Garner,2.5M,2M,326.4K,1.6K,1K,June
jessnolimit999,Jess No Limit,6.2M,17M,1.7M,24.2K,11.5K,June
jesusortizpaz,Jesusortizpaz,1.7M,1.8M,207.5K,1.2K,832,June
jezzzini,jezzini,1.7M,1.4M,419K,1.6K,6.2K,June
jhothsa,jhothsa,13.3M,1.1M,189.8K,960,2.6K,June
jimena.jimenezr,Jimena,23.5M,3.7M,577.5K,962,2K,June
jimmydarts,Jimmy Darts,8.6M,2.2M,360.3K,3.5K,492,June
jjeverettrose,Jake Joseph Everett-Rose,3.2M,2.2M,345.8K,775,575,June
jmartineze_,josi,22.2M,2.4M,377.7K,1.8K,2.5K,June
joaoferdnan,JoÃ£o Ferdnan,7.7M,919.7K,143.3K,2.5K,4K,June
joe.bartolozzi,Joe Bartolozzi,18.8M,1.9M,338.8K,2.3K,552,June
joelsvnny,Joel Sunny,1.1M,897.8K,203.8K,2.7K,1.7K,June
joerauth_,Joe rauth,5.4M,1.9M,319.4K,1.2K,1.9K,June
joesantagato,Joe Santagato,1.5M,1.5M,175.5K,2.4K,2.5K,June
joeyvalence,Joey Valence,717.8K,2.8M,559.6K,1.1K,705,June
johnnyy.ed,johnnyy.ed,1.7M,1.2M,173.1K,1.2K,3.3K,June
jonata_26,JonataðŸ¤©,5.1M,2.5M,415.5K,1.1K,1.5K,June
jonata_26,JonataðŸ¤©,5.2M,2.3M,377.9K,999,1.3K,June
joshanglooo,josh anglo,670.9K,1M,315.1K,1.6K,1.9K,June
joshrichards,Josh Richards,25.6M,2.9M,275.5K,1.3K,682,June
joslum,JosÃ© L,12.1M,2.5M,327.3K,1.9K,403,June
jounggustav,Joung Gustav,3.4M,9.6M,1.3M,4.7K,6.7K,June
juanchimy,Juan Lopez,3.1M,2.1M,485K,2.4K,2.1K,June
jubiandxian,jubiandxian,4.7M,3.3M,557.8K,3K,2.6K,June
julesleblanc,jules,18.7M,1.9M,455.7K,1.6K,554,June
juliaaliceaa,jujuuu,3.7K,2.2M,550.3K,3.1K,14.3K,June
juliagisella,Julia Gisella,11.5M,2.6M,381.3K,7.4K,6.9K,June
junya1gou,Junya/ã˜ã‚…ã‚“ã‚„,42.7M,3.9M,174.4K,2.1K,2.3K,June
just_dt,Dt,8.9M,1.4M,221K,3.2K,2.8K,June
just.hamilton,Just Hamilton,2.6M,1M,185.5K,1.1K,3.4K,June
just.hamilton,Just Hamilton,2.6M,1M,185.5K,1.1K,3.4K,June
justthenobodys,JustTheNobodys,7.9M,2.9M,293.8K,1.5K,1.2K,June
jwaltonnn,á´Šâš¡ï¸,733.4K,1.6M,350.9K,27K,2.5K,June
k0uvr,Kouvr,13.6M,2.3M,404.2K,854,321,June
kaan.etm,Kaan,3.1M,1.5M,322.5K,2.1K,862,June
kaelimaee,kaeli mae,9M,1.9M,293.6K,682,864,June
kallmekris,Kris HC,44.5M,4.1M,784.3K,5.3K,2.1K,June
kamuimi,antoðŸ¦‹,306.2K,2.1M,411.3K,2.2K,522,June
karmalust.ff,karmalust ff,204.6K,962.9K,40.6K,36.1K,745,June
kartiniinspiringwoman,kartini.skm,359.9K,970.1K,80.8K,2.4K,11.6K,June
katclark86,Kat Clark,1.9M,2.7M,381.9K,1.1K,211,June
kaylamalecc,kayla,7.9M,3.3M,462.6K,3.9K,255,June
keirariff,Keira,4.2M,3.3M,545.2K,1.8K,2.5K,June
keniaos,KeniaOs,14.6M,1.6M,280.7K,4.8K,822,June
kenti.best.boi,kenti ðŸŽ¨,1.2M,1M,167.9K,1.9K,3.4K,June
kervo.dolo,Kervo.dolo,9.7M,5.6M,1.2M,7K,14.9K,June
keysilva990,Zukey Silva ðŸ§¿â¤ï¸,29.2K,2.3M,134.3K,1.5K,1.3K,June
kfc_es,KFC EspaÃ±a,2.8M,1.2M,171.7K,3K,1.5K,June
khaby.lame,Khabane lame,143.2M,25.3M,2.9M,23.5K,16.3K,June
khalidandsalama,â£ï¸Khalid & Salamaâ£ï¸,4.6M,2.1M,204.8K,2.3K,2.3K,June
khoailangthang,Khoai Lang Thang,731.7K,3.9M,258.8K,2K,1.3K,June
kieuduylong16,Kiá»u Duy Long ðŸ‰,1.9M,2.6M,311.5K,1.8K,335,June
kikakiim,Kika Kim,30.9M,2.8M,307.5K,1.4K,698,June
kimandnorth,Kim and North,6.8M,3.6M,684K,0,3.7K,June
kimberly.loaiza,Kimberly Loaiza,64.2M,6.3M,1M,11.5K,2.6K,June
kinemachuu,æµã‚Œæ˜Ÿâ˜†ã¡ã‚…ã†ãˆã„,215.6K,2.6M,205.2K,1.1K,10.5K,June
king_misr,ðŸŽ¨Ù…Ø­Ù…Ø¯ ÙØ§Ø±ÙˆÙ‚ Ø§Ù„Ø±Ø³Ø§Ù…ðŸŽ¨,2M,1.5M,82.1K,1.1K,7.5K,June
kingblackcinema,Black Cinema,90.9K,979K,206.9K,2.3K,5.4K,June
kirbyquimado,Kirbyyy,187.9K,2.1M,274.9K,1.5K,7.6K,June
kjsmoothh,Kjsmoothh,2.5M,5.3M,793.2K,10.2K,13.5K,June
kodakblack,Kill Bill,1.3M,1.2M,196.7K,4.3K,4.2K,June
kodasteven,StevenðŸ‡µðŸ‡·,5.3M,2.4M,512.7K,3.4K,1.9K,June
kodyantle,Kody Antle,28.8M,7.3M,467.9K,2.1K,5.3K,June
kookiiecore,safe space,1.2M,904.1K,305.8K,1.3K,2K,June
kozuehayashii,KOZUE,6.7M,2.7M,517.1K,568,812,June
kpp2179393999,ãã‚ƒã‚Šãƒ¼ã±ã¿ã‚…ã±ã¿ã‚…ã®è£åž¢,834.9K,6.5M,345.5K,1.3K,3.2K,June
kristenhanby123,Kristenhanby,12.2M,8.3M,700.5K,1.3K,2.5K,June
kru1d,à¸„à¸£à¸¹à¸«à¸™à¸¶à¹ˆà¸‡à¸ªà¸­à¸™à¸”à¸µ,4.2M,1.8M,108.5K,652,3.4K,June
ktkr_knw,ãƒŽãƒ¯ã®éš£,137.8K,3.1M,159.8K,802,3.1K,June
kulinaria.recetas,AGUS LIPORACE,3.3M,2.4M,287.1K,669,8.6K,June
kulubotnabetl0g,Ramburat,1.4M,987.4K,190.9K,3K,1.9K,June
kyliejenner,Kylie Jenner,41.2M,8.2M,1.2M,4K,1.3K,June
la_lerma,LERMITA,12.2M,1.4M,198.4K,1.2K,2.9K,June
la.maraaa,LA MARA,6.5M,1.2M,275.3K,3.4K,761,June
lachama4_ff,LA CHAMA á´°,9M,1.3M,214.3K,2.6K,434,June
ladygaga,ladygaga,6.7M,4.6M,886.4K,11.1K,4.4K,June
lagranjadelborrego,La granja del borrego,8.3M,2.5M,335.6K,2K,688,June
lanavlnc,Lanavlnc,151.9K,1.2M,144.2K,1.8K,4.3K,June
larasilvan,Lara Silva,16.8M,5.3M,797.7K,2.7K,2.8K,June
larissagloor,ð—Ÿð—®ð—¿ð—¶ð˜€ð˜€ð—® ð—šð—¹ð—¼ð—¼ð—¿,3.1M,1.5M,328.6K,3.6K,1.8K,June
laronhinesofficial,Laâ€™RonÂ®ðŸŽ¤,9.5M,2.7M,260.9K,1K,730,June
larrayeeee,LARRAY,25.9M,4.9M,527.6K,4K,1.2K,June
larraysucksihatehim,user6329084170278,695.9K,3.7M,877.4K,9.6K,2.1K,June
larrywheels,Larrywheels,1.8M,5.6M,669.1K,4.6K,10.1K,June
laschakv,Laschakv,971.7K,1.4M,238K,975,2.3K,June
laurahfritz,laura & lena,2.6M,1.3M,253.1K,881,1.6K,June
lauralove5514,LauraLove,5.9M,1.9M,292K,1.6K,638,June
lavdysheva,lera,762.4K,4M,842.2K,1.9K,1.7K,June
leaelui,Lea Elui,17.3M,2.8M,425.2K,743,1K,June
leanadeeb,Leana Deeb,6.9M,8.9M,1.6M,3.9K,6.4K,June
leanbeefpatty,Beef patty,4.5M,2M,351.7K,4.1K,2.7K,June
leavoon,Zhanel,1.3M,1.1M,420.6K,1.5K,4.1K,June
leen_mohd98,LEENðŸŒ¸,3.3M,1.6M,151.9K,1.9K,1.7K,June
leidys_sotolongo,Leidys Sotolongo,12.2M,2M,361.7K,1.5K,234,June
leleburnier,LELÃŠ BURNIER,1.8M,1.6M,312.7K,2.9K,803,June
leonardzbant,Leonard Zbant,3K,1.7M,131.2K,486,9.6K,June
letterkenny_problems,Letterkenny,2.1M,2.9M,276.4K,762,10K,June
leyla.tavas,leyla â™¡,778.4K,5.2M,1.3M,6.8K,7.9K,June
liammillerr,Liam Miller,4.1M,907.1K,220.8K,1.8K,2.5K,June
libardoisaza,Libardo Isaza,19.6M,5.1M,675.4K,1.2K,1.6K,June
lights.are.off,LIGHTS ARE OFF,19.4M,2.8M,218.5K,2.5K,1.3K,June
lil.tecca,Lil Tecca,1.8M,7M,1.4M,7.8K,18.4K,June
lilihayes,Lili Hayes,5.2M,2.5M,356.6K,1.5K,6.6K,June
lilireinhart,Lili Reinhart,4.7M,6.6M,1.2M,3.6K,5.2K,June
lilyxgarcia,Lily Garcia,10.9M,2.3M,382.1K,1.4K,1.2K,June
lionsgate,Lionsgate,4.1M,971.2K,232.1K,1.7K,2.7K,June
liverpoolfc,Liverpool FC,9.3M,2.2M,283.7K,3.1K,1.8K,June
livvy,Olivia Dunne,5.5M,2.6M,302.1K,2.1K,1.2K,June
livyyrenata,livy renata,2.2M,2.5M,239.2K,1.1K,862,June
lizzo,lizzo,24M,2.8M,438.7K,2.8K,1.2K,June
lizzza,Liza Koshy,29.8M,2M,425.1K,750,381,June
lkzinhu,LK,15.2M,3.6M,497.8K,1.8K,1.9K,June
lockedinout,ðŸ”,4.4M,5.4M,661.1K,1.7K,6.2K,June
locofer5,fermifer2,700.8K,1.4M,264.5K,1.9K,1.5K,June
loganpaul,Logan Paul,15.1M,3.7M,610.8K,1.9K,1.1K,June
logfive,Logan,2M,1.5M,211.8K,1.2K,1.7K,June
lollobaroque,Lollo,699.9K,2M,181.8K,6.4K,794,June
lonely.moods,:),354.5K,815.5K,214K,5.4K,10.6K,June
lonrot,Lonrot,1.3M,3.3M,386.8K,1.8K,5.2K,June
lorenzosabatoo,Lorenzo Sabato,160.5K,1.6M,223.7K,2.6K,6.1K,June
lorigreiner,Lori Greiner,1.8M,5.9M,379K,2.9K,1.5K,June
losariasbrothers,Los Arias,1.3M,2M,376K,1.2K,2.2K,June
lossiblings_,LossiblingsðŸ­,25.2M,2.2M,300.8K,891,380,June
louflores_,DIY | Home Decor | Makeup,2.8M,1.9M,150.4K,1.1K,4.8K,June
louisematejczyk,Louisamatejczyk,389.3K,2.9M,154.5K,642,1.3K,June
lowcarbstateofmind,Jackie Hartlaub,6.5M,1.9M,145.4K,656,6.4K,June
luadoll,ë£¨ì•„ LuA,11.2M,3M,326.3K,661,2.4K,June
lucas_burgatti,Lucas Burgatti,2.7M,3.3M,428.2K,1.6K,1.4K,June
lucaslopezvilet,Lucas Lopez,2.6M,4M,827.8K,5.9K,8.8K,June
lucaspopan,Lucas Popan,938K,1.8M,207.7K,2.2K,5.3K,June
lucasvarelaaaa,Lucas varela,2.7M,1.7M,307.6K,690,3.6K,June
lucifer_zam,Luzbel Zam,198.5K,777.2K,196.5K,451,34.5K,June
lukeeohalloran,Luke O'Halloran,1M,3.4M,302.3K,3K,4.9K,June
luongthingocha,NgÃ¢n HÃ ðŸŒ,5.5M,2.9M,350K,1.8K,346,June
luongthingocha,NgÃ¢n HÃ ðŸŒ,5.5M,2.9M,350K,1.8K,346,June
luvadepedreiro,Iran Ferreira (Lai),17.1M,5.9M,706.2K,5.5K,3K,June
lyfstyle.tv,Da Frontyardigans,356.3K,903.5K,267.6K,1.5K,2.7K,June
lyleforever,Therapy Gecko (Lyle),2.4M,1.8M,398.9K,696,2K,June
lyricoo__,ÊŸÊÊ€Éªá´„á´á´,1.2M,1.3M,165.7K,1.7K,8.6K,June
m0lnigt,Sandra,83.3K,1.4M,306.4K,2.7K,934,June
m7_x4,Ù…Ø­Ù…Ø¯ Ø´Ø§ÙŠÙ,2M,3.4M,305.6K,2K,1.5K,June
mac.twinkles,à¸ªà¸²à¸¡à¸µà¹à¸«à¹ˆà¸‡à¸Šà¸²à¸•à¸´,1.3M,2.8M,311.9K,497,458,June
machikayt,MachikaYT,12.5M,1.9M,264.5K,1.3K,301,June
machinegunkelly,Colson,3.6M,3.9M,444.7K,3.8K,3K,June
maddy.leah3,Not me,240.9K,2.9M,281.9K,6.7K,294,June
maddzak,Maddzak,4.5M,2.3M,128.5K,4.4K,109,June
madudepaoli,MaduðŸ’«,1.1M,7.5M,723.8K,2.9K,1.4K,June
mahmoud_xj,Quran Recitation,1.1M,942.9K,165.1K,2.1K,26.3K,June
mahmoudalhasanat09,Ù…Ø­Ù…ÙˆØ¯ Ø§Ù„Ø­Ø³Ù†Ø§Øª,6.2M,2.5M,314.3K,4.7K,7.7K,June
maiaknight,Maia Knight,8.6M,4.8M,912.3K,2.3K,1.1K,June
main_and_aseel,Main & Aseel,1.3M,3M,178.1K,1.4K,1.1K,June
maitreyiramakrishnan,maitreyi,4.2M,2.5M,484.4K,2K,1.3K,June
mamamomo2022,MamaMomo.oe,256.4K,1.8M,149.7K,1.6K,1.5K,June
mammybanter,Mammy Banter,1.3M,1.6M,220.8K,1.7K,6.5K,June
mandinhasiilvaa,Amanda Silva,214.5K,2.2M,230.4K,1.8K,1.9K,June
mandrake1984real,Giuseppe Mandrake Ninno,1.1M,1.4M,185.9K,1.4K,7K,June
manhtienkhoi_,Máº¡nh Tiáº¿n KhÃ´i ðŸ¯,3.5M,1.6M,198.4K,2K,961,June
manta_ec,Manta_ec,102.5K,6.1M,179.6K,1.3K,3.5K,June
margaritadebarros,Margarita De Barros,75.6K,10.9M,620.5K,870,1.5K,June
mariabecerra_22,Maria Becerra,6.8M,3.2M,528.2K,2.1K,1.2K,June
marialuciap29,LÃºcia,1.9M,2M,434.6K,3.1K,1.6K,June
marianna_alexandre,Marianna Alexandre,5.8M,2.1M,338.7K,1.2K,314,June
marianne.la.mesera,Marianne ðŸ¸,3M,4.7M,962.9K,1.3K,684,June
marilynl19,user1692838440296,995.2K,2.8M,476.5K,5.7K,12.8K,June
mariolcalderon,Mario Calderon,1.8M,815.8K,141.1K,3.9K,12.5K,June
marsaimartin,Marsai,3.4M,1.6M,355K,2.5K,1.2K,June
marshelwidianto,Marshel Widianto,2M,3M,208.5K,1.1K,1.3K,June
marshmellomusic,marshmello,25.7M,1.8M,245.8K,1.4K,577,June
marwanwsahar,MarwanwSahar,1.4M,2.5M,163.5K,710,2.2K,June
mas_nizar,IG: nizar_abzhr31,5.2M,1.8M,322.1K,2.6K,630,June
mateus_hwang,Mateus Hwang,1.9M,1.9M,136.8K,5.8K,2.6K,June
matheusevitoriaofc,Matheus e Vitoria,7.6M,2.8M,468.9K,1.4K,1.3K,June
mativelasco94,Mati Velasco,1.7M,5.1M,392.2K,2.2K,622,June
matsudake,M2DK/ãƒžãƒ„ãƒ€å®¶ã®æ—¥å¸¸,5.7M,6.8M,284.5K,3.3K,1K,June
matt.larose,Matt Larose,498.8K,2.6M,371K,910,223,June
mattiastanga,Mattia Stanga,2.5M,1.5M,240.7K,2.4K,7.7K,June
mattstonie,Matt Stonie,2.6M,2.3M,322.9K,1K,285,June
mattsturniolo,Matt,2.1M,1.9M,386.2K,4.8K,938,June
mauoteroo,Mau Otero,4.3M,3.3M,349.2K,353,345,June
max7424453118,Max Taylor,2.8M,3.5M,572.6K,5.2K,9.5K,June
mayapolarbear,mayapolarbear,5.5M,1.5M,154.9K,756,8.4K,June
maymayentrata,maymay,9M,5.3M,697.9K,2.9K,2K,June
mckekell,kekel,3.9M,1.5M,154.3K,4.1K,2.5K,June
mcsilsiloficial,@mcsilsiloficial,6.6M,1.7M,134.1K,2.2K,6.3K,June
mdmotivator,Zachery Dereniowski,9.3M,5.1M,930.3K,3.4K,1.4K,June
meghanandjack,ðŸŒ»Meg and JackðŸŒ»,4.1M,1.7M,277.7K,548,2.4K,June
mell_editz0,é¬¼ â€¢ ð† ðŽ ð‰ ðŽ,480.5K,1.5M,229.9K,1.5K,1.1K,June
mellacarli,Mella Carli,2M,1.8M,283.7K,1.4K,6K,June
mementoe,MÃ¡tÃ© MÃ©hÃ©sz,3.6M,3.4M,588.5K,4.4K,5.8K,June
meowbahh,Meowbah!,1.5M,2.5M,92.4K,17.2K,2K,June
meowlife7,meowlife7,1.9M,3.3M,399K,1.3K,3.9K,June
mexicocookingclub,Calixto Serna,10.9M,1.7M,221.9K,1.1K,7.1K,June
miakhalifa,Mia K.,33.6M,8.6M,938.7K,2.5K,1.3K,June
michaelrendyw,Michael Rendy W,6.2M,4.6M,324.8K,806,746,June
michou_yt,Michou,7M,1.5M,272.7K,1.8K,574,June
midnightmood_oficial,Midnight Mood,15M,1.5M,145.6K,443,5.2K,June
mieayamthebstt,UnaaðŸœ,14.3M,5.5M,582.8K,4.5K,2.6K,June
mikaylanogueira,Mikayla Nogueira,12.8M,1.9M,246.7K,1.8K,403,June
miketoks,Miketoks,12.9M,1.9M,261.2K,1.1K,654,June
miketyson,Mike Tyson,3.1M,2.5M,331.4K,5.8K,1.7K,June
milliyormlenlaew,MILLI,5.5M,5.9M,807.2K,1.5K,1.8K,June
milos.guzel,Milos,5M,1.7M,340.3K,1.1K,612,June
mimiermakeup,Mirta Miler,15.9M,2.3M,339K,1.2K,254,June
minami.0819,ðŸ¦„ðŸ’™MINAMIðŸ’™ðŸ¦„,1.4M,995.2K,114.1K,7.8K,778,June
missionaryjack,Jack Harlow,5.4M,4.4M,745.2K,9.1K,9K,June
mix_151,Mix_151,1.3M,3.3M,268.1K,2.9K,4.3K,June
mmmjoemele,Joe Mele,22.1M,9.1M,1.5M,3.6K,3.4K,June
mndiaye_97,mndiaye_97,14.8M,2.8M,495.3K,3.1K,2.2K,June
moanabih,A really basic TikTok page,808.2K,2.1M,647.5K,1.9K,2K,June
mohaimen.alaa,Ù…Ù‡ÙŠÙ…Ù† Ø¹Ù„Ø§Ø¡,3.5M,1.5M,205.3K,1.9K,1.4K,June
mohanadrafal,Ù…Ù‡Ù†Ø¯ Ø±ÙÙ„familyðŸŽˆ,994.8K,12.4M,265.2K,3.4K,8.4K,June
moneybagyo85,YouTube king von 1,55.1K,4.4M,216.1K,680,244,June
montpantoja,Montpantoja,34M,5.7M,931.1K,3.7K,2.4K,June
morimura,MoriMuraðŸ•,7.2M,3M,564.6K,2.2K,2.1K,June
moritabritos,moriiiðŸ–¤,1.2M,2.7M,719.4K,4.1K,6.2K,June
mowgli.j,Mowgli,3M,1.6M,282.6K,4.3K,1.6K,June
mr.benz,Mr. Benz,4.5M,2.2M,254.2K,2.1K,2.6K,June
mrbeast,MrBeast,37.5M,4.3M,570.5K,5.8K,1.4K,June
mrizkybillar,Rizky Billar,5.3M,3.7M,334.7K,4.6K,2.8K,June
mrstiventc1977,MrStivenTc,6.2M,2.4M,288.6K,1.9K,979,June
mscathygonzaga,Alex Gonzaga,7.2M,2.7M,328.7K,616,403,June
mttiwx,Matt-,321.1K,1.6M,310.1K,3.6K,2.2K,June
munchy_monk,Louie,897.7K,1.3M,283.6K,3.9K,1.6K,June
muslimoffcial0,ðŸ”¥Muslim - Ù…Ø³Ù„Ù…,3M,2.3M,256.7K,2.2K,1.1K,June
mythical_bubbles,Mythical Bubble,133.5K,1.1M,221.3K,2.8K,2.9K,June
n0dd,Ø§ÙŠÙ†Ø¹Ù… Ø³Ù„Ø·Ø§Ù†  | SuLTAN,3.8M,1.6M,241.3K,3.5K,713,June
nada_m7amed,Ø¯ÙˆØ¯Ø§ðŸ¦¹ðŸ»ðŸ¤,6.2M,3.5M,272.2K,2.8K,2.1K,June
namyulenka,Namy,6.5M,3M,467.5K,3K,1.6K,June
naomineo,Naomi,1.5M,2.9M,614.6K,1.3K,1.7K,June
naomineo,Naomi,1.5M,2.9M,614.6K,1.3K,1.7K,June
nasyakailanazifa,Nasya Kaila Nazifah,2.8M,4.2M,173.2K,1.7K,1.1K,June
nathcampost,NATH CAMPOS,1.7M,5.6M,871.8K,1.5K,991,June
nazormaya,Maya Nazor,5M,5.7M,538.1K,1.6K,393,June
ndn2307,NgÃ´ ÄÃ¬nh NamðŸ’¦,5.5M,2.6M,242.3K,1.4K,172,June
nelkboys,NELKBOYS,4.1M,3.4M,314.1K,1.8K,7.3K,June
nessaabarrett,Ness,18.5M,9M,791.2K,3.8K,3K,June
ngikuttrendaja,Ahmad Rizki,192.8K,3.7M,304.5K,1.5K,1.2K,June
ngoc.matcha,Ngá»c Matcha â˜˜ï¸,3.9M,1.5M,255.4K,2.4K,723,June
niallmacmillan,Niall MacMillan,3.1M,2M,149.7K,886,1.8K,June
nianaguerrero,Niana Guerrero,32.1M,6.5M,1.1M,4.1K,2.6K,June
nick.digiovanni,nick.digiovanni,8.9M,2.1M,300K,750,591,June
nickschmiiid,Nick Schmid,769.7K,1.1M,250.2K,1.3K,2.4K,June
nickvannsmith,Nick Smith,9.4K,1.2M,269.8K,2.5K,9.9K,June
nicocaponecomedy,nicocapone.comedy,21.7M,13.3M,720.7K,5.6K,33.2K,June
nicolecherry,nicolecherry,1.1M,1.7M,178.7K,1.4K,5.6K,June
nicoletv,Kayla Nicole,10.6M,4.6M,872.4K,1.7K,2.6K,June
nicollefigueroaa,Nicolle Figueroa,11M,6.9M,889.8K,2.9K,1.4K,June
nilered,NileRed,9.7M,2.8M,456.7K,2.1K,825,June
njr11njr,njr11njr,1.2M,1.8M,228.8K,3.8K,2.1K,June
nmixx_official,NMIXX,1.9M,1.5M,378.3K,3.9K,1.5K,June
noahschnapp,Noah Schnapp,23.7M,23.6M,4.9M,44.2K,16K,June
nobodysausage,nobody sausage,15.6M,1.9M,117.6K,934,3.9K,June
noeldeyzel_bodybuilder,Noel Deyzel,4.7M,2.3M,287.9K,1.6K,1.3K,June
nolaymex,Nolay,54.9K,4.4M,342.8K,3.5K,8.4K,June
norinpham_m4,NorinPham,2.2M,2.7M,279.5K,3.9K,366,June
nosoychaparro,Luis Chaparro,5.4M,7.3M,1.4M,3.9K,5.2K,June
nost___,Nost,451K,3.4M,195K,726,902,June
notshanebennett,Shane Bennett,2.1M,2.7M,394.5K,1K,1.2K,June
nubiegriffi,NubieGriffi,130.8K,4.3M,378.5K,2K,13.3K,June
nurbolat_football7,nurbolat_football,23.5K,2.2M,132.8K,2K,4.3K,June
nurse.johnn,Jc Dela Cruz,1.9M,2.5M,272.5K,1.1K,4.1K,June
nvran_,ðŸ˜º,538.5K,3.4M,341.4K,1.5K,30.3K,June
nyx.lynnx,Nyx,202.6K,1.6M,155.5K,1.8K,1.4K,June
obj,Odell Beckham Jr.,1.5M,3.6M,447.2K,1.6K,2.9K,June
odintsoov,ÐÐ½Ð´Ñ€ÐµÐ¹ ÐžÐ´Ð¸Ð½Ñ†Ð¾Ð²,324.3K,1.5M,370.8K,2.5K,4K,June
official_kep1er,Kep1er,4.3M,4M,805K,6.1K,3.5K,June
official_nct,NCT Official,8.3M,1.1M,296.5K,2.8K,1.3K,June
official_wayv,WayV Official,3.8M,702.7K,251.7K,6.2K,1.7K,June
officialjadenwilliams,Jaden Williams,1.5M,1.7M,405K,2K,2.1K,June
officialsalicerose,Salice Rose,19M,951.4K,188K,1.6K,2.9K,June
ogikdp,Zona Ogik | YT MELLO PROJECT,3M,4.2M,354.3K,3.6K,966,June
ogulcan,OÄŸulcan AÅŸÄ±koÄŸlu,287.1K,3.3M,227.9K,1.9K,3.3K,June
oironyoliveira,Kbuloso ðŸ˜ˆ,6.2M,1.3M,89.7K,329,7.3K,June
okjackok,jack,1.1M,1.4M,322.3K,875,1.1K,June
oldtimehawkey,Old Time Hawkey,5.8M,4.6M,814K,7K,5.2K,June
oli_natu,Oli Natu,9.1M,2.8M,437.9K,777,1.1K,June
olisboa,LISBOA,2.3M,2.8M,522.2K,1.2K,1.8K,June
oliver6060,Queen cheryl ðŸ‘¸,2.8M,1.6M,67.1K,6.7K,1.9K,June
oma_abi_reaktions,Oma Abi ðŸ‘µðŸ»,16.3K,1.4M,104.7K,2K,4.9K,June
ongsquad,Ong Squad,8M,2.7M,304.8K,1.2K,807,June
onlyjayus,Bella Avila,18M,1.7M,291.3K,1.8K,758,June
onwardwanna,WannaðŸ¥Š,5.7M,8.7M,1.7M,15.3K,4.4K,June
oscar_mezar,Oscar Meza,5.7M,2.6M,449.4K,1.7K,1.6K,June
otakoyakisoba,otakoyakisoba,14.8M,2.1M,240.1K,966,1.4K,June
outofcontextcontent,"1 , 2 0 0 , 0 0 0 LEGENDS",1.2M,8.6M,776.9K,2.3K,9.3K,June
outtpig,OuttPig,1.9M,1.7M,543.8K,2.6K,2.2K,June
ox_zung,ì›ì •ë§¨ WonJeong,45M,1.9M,258.3K,2.3K,564,June
paansih16,gustian_magrib,1.1M,3.6M,291.1K,1.4K,31.5K,June
pablitocastilloo,pablitocastilloo,5.2M,1.3M,138.2K,857,5.1K,June
pacodemiguel,Paco De Miguel,6.7M,771.2K,109.9K,2K,7.3K,June
pakoyaso_,Pakoyaso,10.6M,2.8M,378.2K,1.5K,3K,June
paloma.cedeno,Paloma CedeÃ±o,578.6K,1.8M,289.6K,5K,18.8K,June
pam_a_cake,Pam,4.3M,2.3M,390.4K,1.1K,146,June
pamibabyy,pami â™¡,7.2M,1.7M,288.9K,679,1.3K,June
papurriyluisito,PapurriYluisito,814K,1.3M,209.4K,684,2.3K,June
paralympics,paralympics,2.1M,2.2M,228.4K,4.3K,2.8K,June
parishilton,ParisHilton,6.3M,2.1M,201.6K,1.7K,1.1K,June
parkerlocke,Parker Locke,6.4M,3M,634.3K,8K,8.5K,June
patrickrenna,Patrick Renna,2.9M,3.2M,248.5K,1.8K,3.5K,June
paulablanca143,Paula Blanca,58K,2.7M,145.3K,8.1K,23K,June
paulo_victormelo2,Paulo Victor Melo,1.7M,2.9M,186.7K,706,1.5K,June
paulomuzy,paulomuzy,1.3M,1.5M,182.4K,909,13.6K,June
paupelaez_,Êœá´€É´á´‡á´ÉªÊá´€,6M,2.9M,496.7K,3.6K,1K,June
payton,â€œpaytonâ€,15.2M,1.2M,241.9K,2.3K,1.3K,June
paytonking,Payton King,5.2M,4.9M,1.1M,8.7K,10.1K,June
peaks.100_,Peaks100,1M,1.6M,172.3K,1.9K,1.4K,June
pedro.loc,Pedro Loc,203.6K,2.8M,384.8K,3K,2.7K,June
peetmontzingo,Peet Montzingo,10.4M,2.4M,266.6K,1.3K,500,June
pegamangaa,Pegamangaa,1.9M,2M,242.4K,704,1.4K,June
pepperonimuffin,Kirsten,7.3M,3.8M,688.1K,1.4K,524,June
pete_pamana,petepamana,2.7M,2.9M,307.2K,1.6K,801,June
phamvinh99,Pháº¡m Vinh,2.7M,2.8M,224.8K,1.4K,913,June
phatnail,LÃª Äáº¡i PhÃ¡t ðŸ¥‘,1.3M,2.9M,190.9K,2.4K,238,June
phun.anh,PhÃ¹n Anh,3.6M,3M,271.6K,2K,735,June
pietro_storti,pietro.storti,400.7K,1M,141.6K,1.6K,5.8K,June
piperrockelle,â™¥ï¸Piper Rockelleâ™ ï¸,9.5M,1.7M,173.2K,4.3K,389,June
pkllipe,Pk,17.7M,2.1M,378.7K,1.7K,2.1K,June
pollywogcabin,Jake Valois,149.6K,1.4M,134.6K,664,11.8K,June
polya_tuti,ÐŸÐ¾Ð»Ñ Ñ‚ÑƒÑ‚ðŸ”¥ðŸ‘‡,2.3M,3.1M,250.6K,711,730,June
pongamoslo_a_prueba,PongÃ¡moslo a Prueba,34.2M,11.2M,1.7M,4.1K,3.5K,June
popokbolong,PARHANCUK!,2.6M,1.5M,276.9K,1.6K,806,June
posterised,Posterised,4.1M,10.1M,1.3M,3.6K,3.9K,June
pr4nce,gabriel prince,2.6M,1.6M,267.1K,3.5K,2.5K,June
priimoraa,Prii Moraa,15M,3M,525.9K,840,880,June
priv_mav,MAV ðŸ¦¦,5.3M,2.7M,334K,524,686,June
psg,psg,27.9M,2.6M,271.5K,1.5K,497,June
pureojuice,NO OPPS OUT ON ALL PLATFORMS,168.3K,1.1M,186.1K,3.3K,3.7K,June
qamar_altaey,ð“†©ð‘„ð´ð‘€ð´ð‘…Â¹â¶ð“†ª,3.2M,5.8M,517.2K,12.2K,11.6K,June
qpark,Q Park,32M,12.4M,1.1M,6.4K,19.1K,June
queen_paul,â­ï¸ðŸ’„Queen PaulðŸ’„â­ï¸,3.1M,3.2M,78.9K,3.1K,950,June
qvos,RupthyðŸ¡ (Roblox),1.9M,1.5M,157.1K,4.2K,2.2K,June
rad.miru,ðŸŒœÐ ÐÐ”ÐœÐ˜Ð ðŸŒ›,12M,3.7M,298.2K,1.1K,294,June
rafaellatuma,Rafaella Tuma,1.2M,1.5M,146K,1.4K,12.6K,June
rafaelsantos,Rafael Santos,17.9M,2.4M,548K,2.7K,1.1K,June
rafifrasyaq,rafif,74.7K,1.6M,221.8K,1.8K,4.1K,June
rah_money1,General ock,3.1M,1.7M,231.5K,1.5K,1.4K,June
rakib_hossain_vlogs,Rakib Hossain,1.2M,1.3M,139.6K,4.1K,1.1K,June
ramonvitor,ramonvitor,4.4M,3.9M,821.6K,2.9K,1.3K,June
ratuauliaa22,ratuauliatp,12.6M,2.5M,304.1K,1.9K,1K,June
rawwwash,Mostafa Abo Rawash,1.2M,7.1M,370.6K,2.1K,3.7K,June
rayanfahmi,Rayoon,3.3M,2.4M,221.2K,1.2K,921,June
rayssabuq,Rayssa Buq,6.1M,1.5M,252.2K,2K,761,June
readyfredi,fredi,2.3M,7.5M,1.4M,19K,32.1K,June
real_animasinopal,Animasinopal,1.5M,2.5M,309.6K,1K,3.1K,June
realmadrid,Real Madrid C.F.,17.7M,2.8M,403.2K,2.6K,2.3K,June
renpc_,âœ¨Ren PCâœ¨,4.1M,1.9M,349.7K,1.8K,6.4K,June
reyyhaan31,Reyyhaan!,4.4M,2.8M,213.5K,1K,409,June
riaricis,Ria Ricis,27.4M,2.9M,276.7K,1.1K,1.2K,June
richcaroline,Caroline Ricke,3.1M,1.6M,308.2K,669,1.4K,June
rickylemon99,Ricky Limon,11.6M,3.5M,394.8K,549,366,June
rita_pubg,Ø±ÙŠØªØ§ Ø§Ù„Ø¹Ø±Ø§Ù‚ÙŠØ©,1.6M,1.4M,135.7K,7.5K,1.5K,June
robert_kelley,Robert Rausch,780.5K,1.4M,280K,1.4K,2K,June
roblox,Roblox,8.8M,1.5M,239.6K,5.9K,1.5K,June
rosalia,La Rosalia,20.8M,3.3M,445.1K,2.1K,992,June
rubentuestaok,Ruben Tuesta,15.6M,4.9M,568.1K,1.4K,4K,June
rucenuenda1,Ruce Nuenda,1.6M,2.1M,332.5K,1.4K,740,June
rug,FaZe Rug,9.1M,1.7M,230.5K,1.9K,314,June
rus.alien,Rustam Raziev,7M,5M,279.5K,1.2K,233,June
ryanbakery,ð™ð™®ð™–ð™£ð˜½ð™–ð™ ð™šð™§ð™®,1.5M,3.5M,364.5K,4.2K,4.2K,June
rzy135,RZ......,278.3K,1.1M,153.9K,1.1K,3.8K,June
rzy135,RZ......,278.3K,1.1M,153.9K,1.1K,3.8K,June
sa_ro01,saraðŸ’œ,5.8M,4.9M,385.9K,8.2K,2.3K,June
saafiir_,Saafiir,3.6M,3.5M,143.6K,738,789,June
sabrenorris,Sabre Norris,3.1M,1.7M,168.4K,9.6K,607,June
sabrinacarpenter,Sabrina Carpenter,12.3M,2.8M,502.6K,1.5K,1.1K,June
sabrinamaria,Sabrina Maria,66K,3.4M,435.9K,1.7K,752,June
sachiuki,sachi Ë˜Íˆáµ•Ë˜Íˆ,617.4K,866.8K,269.2K,3.9K,2.8K,June
samanth_a01,Sam,490.5K,1.9M,247.9K,1.7K,1.1K,June
samkelly322,Samantha Kelly,2.5M,2.4M,423.5K,1.2K,2.1K,June
sammihanratty,Sammi Hanratty,1.2M,3.7M,775.5K,1.6K,1.5K,June
sammy_dao222,Sammy ÄÃ o,2.6M,2.2M,218.7K,4K,1.3K,June
samseats,Sam Way,9M,9.6M,1.1M,2.3K,2.1K,June
sarahcothran,Sarah Cothran,3.2M,1.5M,276.8K,1.2K,1K,June
scarlettsspam2,scarlett,2.1M,17.9M,845.8K,53.9K,6.3K,June
scottsreality,Scott ðŸ”¥,37.4M,4.9M,139.6K,1K,196,June
scottsreality,Scott ðŸ”¥,37.4M,4.9M,139.6K,1K,196,June
scottsreality,Scott ðŸ”¥,37.4M,4.9M,139.6K,1K,196,June
secondhandhuns,Verona Farrell,99K,1.8M,252.5K,1.9K,1.2K,June
sefo,Sefo,759.8K,3.3M,283.4K,1K,810,June
selenagomez,Selena Gomez,41.6M,11.3M,1.9M,12K,6.1K,June
selenaoutdid,â™¡,347.2K,2M,280.7K,1.5K,1.8K,June
semiraminta,Yeliz Korkmaz,11.9M,2.2M,167.4K,5K,605,June
sergioramos,Sergio Ramos,10.2M,1.6M,192.7K,4.8K,342,June
seventeen17_official,SEVENTEEN,5M,3.4M,748.6K,10.3K,9.4K,June
shadisrour,Shadi Srour,1.9M,3.1M,290.3K,4.1K,2.7K,June
shahab_vid1,Ø­Ø³Ø§Ø¨ Ø§Ù„Ø±Ø³Ù…ÙŠ Ø´Ù‡Ø§Ø¨ Ù…Ù„Ø­,3M,3.7M,62.4K,2.6K,1.9K,June
shakira,Shakira,23.9M,6.3M,407.3K,1.6K,508,June
shanjid_hasan,ðŸ”¥Shanjid HasanðŸ”¥,4.6M,2.2M,233.7K,1.1K,879,June
shanti_rehman,shanti rehmanðŸ‡§ðŸ‡©,290.3K,3.7M,245.1K,2K,2.2K,June
sharl_crb,sharl,1.8M,2.1M,365.7K,1.3K,516,June
shayvise,Shayvise,2.9M,2.1M,376K,861,282,June
shenacinnamon,Shenina Cinnamon,530.6K,2.5M,237.7K,798,559,June
sherifkhalid,sherif khalid ðŸ™,9.8M,1.3M,154.6K,2K,2.3K,June
shlatfish,Shlatfish,3.8M,1.8M,250.1K,3.9K,2.6K,June
shxtsngigs,ShxtsNGigs Podcast,4M,6M,1.2M,2.4K,13.1K,June
sibenitoo,SiBenitoo,5.1M,1.7M,147.8K,2K,1.2K,June
sidetalknyc,Sidetalk,3.7M,1.6M,222.1K,897,3.8K,June
simp4me.de,Soffi,17.3K,1.4M,202.5K,2.2K,6.4K,June
siscakohl,Sisca Kohl,12M,11.2M,1.4M,15K,5.2K,June
sjbleau,SJ,12.9M,2.5M,372.2K,979,576,June
skaijackson,Skai Jackson ðŸ¥°,19.9M,2M,393.3K,1.5K,601,June
skillerhomei,Football âš½ï¸ SkillerHome,1.9M,1.9M,329.7K,3.8K,4.8K,June
slimjim,Slim Jim,2.7M,1.8M,137K,22.7K,190,June
snauzk,snauzk,4.3M,897K,225.6K,1.9K,3.6K,June
snoopdogg,Snoop Dogg,21.4M,4.3M,362.3K,4.7K,1.8K,June
sofiaespanha,sofia espanha,3.7M,2.6M,437.2K,2.8K,688,June
softbulletgun97,Tik Toker,1.3M,2.3M,188.3K,2.2K,4.1K,June
somosnoveleiros,ð—·ð˜‚ð—¹ð—¶ð—¼,1.1M,1.5M,287.8K,1.7K,537,June
soojinicoreana,Chingu Amiga,18.6M,9M,1.4M,4.3K,1.1K,June
soupytime,georgie,5.1M,1.3M,282.5K,2.1K,794,June
soydekko,Soydekko,6.9M,2.1M,307.8K,2K,304,June
soyminisech,ðŸ»ðŸ»SECHITOðŸ»ðŸ»,731.6K,5.7M,360.7K,1.5K,5.7K,June
soysaucer,fivar,563K,5.9M,851.1K,2.7K,14.4K,June
soysuco,soysuco,11.4M,4.8M,628.1K,14.5K,1.7K,June
soysuco_ff,Suco Ismael,3.7M,3.4M,430.5K,6.6K,981,June
spencer_serafica,Xspencer,12.9M,3.2M,562.2K,3.1K,2.6K,June
spents,Spence,1.7M,1.2M,255.3K,1.2K,1.5K,June
spicyycam_,Spice King,19.1M,1.8M,214.8K,1.9K,139,June
stayc_official,STAYC,1.4M,706.2K,229.9K,5.4K,1.4K,June
stellajero16,Vester Ajero,1.3M,861.9K,185.3K,9.3K,970,June
stephenamell,Stephen Amell,1.6M,1.2M,206.5K,2.1K,2.7K,June
stevang08,stevang08,251.1K,2.2M,293K,2.1K,23.3K,June
steveioe,Steveioe,10.9M,1.4M,254K,888,1.5K,June
story_7647,ð•¾ð–™ð–”ð–—ð–ž,571.1K,1.6M,316.5K,358,6.1K,June
straange_56guuuuy,aikihoruus?,5.9K,1.5M,276.6K,2.2K,10.8K,June
strangehumano,strangehuman,9.2M,4.6M,656.7K,2.2K,1.6K,June
straykids_japan,straykids_japan,7.6M,849.6K,255.3K,6.7K,4.7K,June
subwaysurfersofficial,Subway Surfers,4.3M,4.2M,677.1K,8.4K,963,June
sucss.s,AÃ§ucena Guirra,10.7M,2.7M,608.5K,2.8K,649,June
supadupahumble,@supadupahumble,2.2M,2.7M,540.3K,1.7K,6.9K,June
surfinsafari,Surfin Safari,105.7K,2M,221.1K,1.4K,1.7K,June
susymourizz,ðŸ©Susy MourizðŸ©,7.2M,2M,229.3K,2.7K,1.3K,June
swaggyj.enny,tg,546.3K,1.5M,316.2K,1.6K,1.2K,June
tai.tl2,tai_tl,396.9K,1.2M,212.4K,1.7K,3.3K,June
talalionaire,Ø·Ù„Ø§Ù„ÙŠÙˆÙ†ÙŠØ±,593K,5.6M,404.1K,10.9K,8.1K,June
talfishman,Tal Fishman,2.2M,1.6M,206.5K,1.5K,837,June
tangmokoko,à¹à¸•à¸‡à¹‚à¸¡ à¹‚à¸à¹‚à¸à¹‰à¸›à¸±à¹ˆà¸™,901.5K,3M,191.4K,1.6K,467,June
tannertan36,tan,689.8K,926.2K,249.3K,1.9K,3.6K,June
taylorfrankiepaul,Taylor Paul,3.6M,3.5M,155.7K,1.2K,443,June
teddyteclebrhan,TeddyTeclebrhan,863.2K,1.2M,140.5K,585,4K,June
terryreloaded,Terry Reloaded,5.9M,4.7M,946.9K,7.1K,13.2K,June
tessteur,Tess Teur,83.4K,940.8K,81.9K,704,10.8K,June
teukuryantr,teukuryantr,3.7M,2.2M,215.9K,1.4K,1.6K,June
texasboi78,Casey,21.4K,1.4M,89K,900,19K,June
thallyssonsb,Thallysson Borges,9.6M,2.6M,388.8K,4.2K,6K,June
thanhyvo,ðŸŒ¹â¤ï¸ThÃ nh Ã½ vÃµ â¤ï¸ðŸŒ¹,11.5M,3.9M,245.1K,1.1K,202,June
thatlittlepuff,ThatLittlePuff,28.6M,4.6M,476.5K,916,1.2K,June
thaybeou40,Tháº§y Beo U40,4.1M,4.1M,363.6K,2K,290,June
the.historical,History Footage,201.5K,2.9M,346.2K,4.8K,5.1K,June
theandrewschulz,Andrew Schulz,3.5M,2.6M,474.1K,2.7K,11.8K,June
thebenjishow,benji,5.7M,1.8M,274.1K,1.1K,1.5K,June
thebosswives,The Boss Wives,1.1M,2.2M,206.2K,808,4.2K,June
thecoreyb,Corey B,8.7M,905.9K,141.4K,808,5.6K,June
theevaelfie,Eva Elfie,4.1M,1.6M,194.1K,3.5K,1.2K,June
thegervaisshrine,Ricky Gervaisâ€™ Best Bits,135.3K,2.3M,232.9K,1.2K,3.7K,June
thehealchef,Harry Heal,2M,2.5M,374.5K,3K,2.7K,June
thekapelariz,The Kapelari Family,1.4M,1.8M,255.9K,1.5K,741,June
thekauczuk,Kauczuk,644.9K,2.4M,205.1K,2K,358,June
thekidlaroi,The Kid LAROI.,3.1M,3.5M,448.5K,3.6K,3.1K,June
thelondoncharles,London Charles,5.9M,2.7M,637.4K,2.4K,2.2K,June
themysteriouschef,TheMysteriousChef,4.7M,1.9M,187.8K,1.1K,1.2K,June
theovon,Theo Von,2.1M,1.4M,127.3K,1.3K,12.3K,June
therealhammytv,TheRealHammyTV,14.8M,6.4M,322.5K,2.1K,17.3K,June
therealmaneskin,MÃ¥neskin,5.7M,2.9M,339.8K,1.6K,974,June
therock,The Rock,53.1M,2.7M,422.7K,5.9K,2.9K,June
thestradman,TheStradman,3.2M,4M,587.8K,7.4K,2.4K,June
thesupercole,Cole LaBrant,21.9M,8M,848.8K,3.3K,2.1K,June
thethai.14,THAIFT,445.2K,2.9M,182.4K,1.1K,841,June
thethinktok,The Think Tok,666.1K,1.7M,152.1K,1.9K,7.1K,June
thiagobarrosoficial,Thiago Barros,3.6M,2M,223.7K,901,950,June
thiagobarrosoficial,Thiago Barros,3.6M,2M,223.7K,901,950,June
thinfrog,frog army tiktokðŸ˜ˆðŸ¸ðŸ’ª,1.5M,2.3M,204.3K,1.4K,863,June
thinhung99,Thá»‹ Nhung,6.2M,2.6M,295.7K,4.6K,965,June
thiskasai,Thiskasai,884K,1.5M,272.5K,1.7K,6.7K,June
tiahranelson,Tâœ¨,4.4M,890K,260.8K,4.1K,2.9K,June
tifannylm,âš¡ï¸TEF,8.3M,4M,451.2K,1.3K,517,June
tik_tok_bhadie,grantbeans,1.6M,4.6M,1.2M,4.1K,6.6K,June
tiktokchavs_,THETIKTOKCHAVS,1.4M,1.2M,203.5K,1.3K,2.4K,June
tmaai_,20th6.,91.8K,1.3M,170.9K,638,4.4K,June
tombrady,Tom Brady,4.2M,5.5M,551.6K,4.5K,6.9K,June
tomjamesr,Tom Riggott,77.1K,2.2M,298.7K,1.1K,956,June
tommyinnit,Tommy,11.5M,1.3M,366.3K,5.4K,1.1K,June
tonylopez,Tony Lopez,23.1M,2.1M,252K,1.3K,460,June
tooturnttony,Tooturnttony,17M,4.1M,494.3K,4.4K,1.3K,June
trainee_a,Trainee A,3.1M,1M,280.2K,3K,2.5K,June
trashywashyy,Rach,3.6M,3.8M,288.9K,1.1K,355,June
trevorwallace,trevor wallace,8M,2.8M,269.4K,673,7.6K,June
tsezy,Tommy,4.8M,2M,253.5K,1.9K,735,June
tsonghanwu,Tsong Han Wu Velasquez,6.4M,2.2M,358K,652,932,June
tuananh_villa699,ðŸ”¥Tuáº¥n AnhðŸ”¥,1.9M,1.7M,251.2K,3.8K,1.1K,June
tuankiet.2000,Kiá»‡t HÃ  Tá»‹nh,3.4M,2.2M,258.4K,1.3K,386,June
tulio_sasaya,tulio sasaya,468.5K,1.6M,366.9K,2.1K,1.5K,June
tunico80,ðŸŒ Antonio TononðŸŒ ,6.7M,1.8M,297.8K,1.8K,1.8K,June
turquoise.dec,turks<3,469.4K,1.4M,302.8K,1.2K,1.3K,June
tuvok12,Tuvok12,12.7M,9.3M,1.3M,1.1K,1K,June
twice_tiktok_official,TWICE,15.9M,4.9M,1.3M,21.8K,12.8K,June
txt.bighitent,TOMORROW X TOGETHER,17.3M,4.2M,1.3M,21.4K,7.8K,June
ty.funnyfunny,Ty.funnyfunny,237.7K,1.2M,240.9K,5K,14.9K,June
unboxing.id,unboxing.id,100K,2.1M,203.9K,1.3K,643,June
unlabeled_,Paula ðŸ„,1.2M,3.3M,610.5K,1.7K,648,June
unlap1n,ELL/BILL,124.2K,803.5K,263.2K,2K,2.5K,June
unreal_keanu,Unreal Keanu Reeves,3.7M,1.8M,187.9K,6.4K,2K,June
usso96,Usso96,7M,4M,303.1K,889,1.8K,June
ustazebitlew,Ebit Lew,3.3M,2.4M,195.2K,3.6K,2.4K,June
valuza.z,Valentina Zenere,1.9M,2.1M,365.7K,1.3K,748,June
vancityreynolds,Ryan Reynolds,20.1M,3.8M,973.5K,3.4K,2.5K,June
vanessalopesr,Vanessa Lopes,23.3M,3.9M,387.9K,3.2K,1.8K,June
vanrezaputra,Elaina,320.1K,1.9M,163.3K,2.3K,1.8K,June
vasif.yahyayev95,RASHEL KOLANECÄ°,1.6M,2.3M,117.9K,1K,1.9K,June
veganpastrychef,Gracie,2M,2.5M,380.5K,2.1K,4.1K,June
veliaveve_,Velia,2.5M,2.1M,361.3K,1.4K,337,June
venao2323,YANFRY EL TIERNOðŸ™ˆ,4.5M,1.8M,175.7K,1.2K,1.9K,June
vhackerr,Vinnie,14.4M,3.7M,737.6K,9.6K,5.3K,June
vibin.wit.tay,Tay,3.7M,2.8M,652K,2.9K,12.4K,June
victormelo,Victor Melo,20.9M,5.1M,745.1K,4.1K,5.2K,June
videomusic.oficial,Videomusic,2M,1.5M,140K,284,5.5K,June
vidhia_r,Vidhi_R,6.7M,3.2M,382.9K,4.7K,3.9K,June
vienvibi_899,ViÃªn Vibi,6.7M,3.2M,330.6K,1.3K,285,June
vietphuongthoa98,Viá»‡t PhÆ°Æ¡ng Thoa,11M,3.7M,426.6K,1.8K,387,June
viki_tory88,Ð’Ð¸ÐºÐ° & Ð–ÐµÐ½Ñ,310.6K,1.9M,48.8K,208,12.9K,June
viliacarl,Vilia Carl,3.2M,3.1M,281.5K,785,1.2K,June
vilmeijuga,VILMEIâœ¨,13.3M,3.2M,321.6K,3.6K,1.9K,June
vinhtech.review,VINHTECH REVIEW,753K,4.2M,225.6K,3K,1.1K,June
viralatacaramelo,vira-lata caramelo,1.5M,2.1M,526.3K,4.9K,1.7K,June
virginiafonseca,Virginia,32.5M,4.3M,495.1K,2.3K,946,June
vitoou,vitoâ€¢_â€¢,52.4K,1M,179.3K,3.3K,10.9K,June
vzelivx,vzelivx,731.3K,2.1M,271.2K,2.6K,1.3K,June
wawazainal92,WAWA ZAINAL,116.7K,1.7M,216.1K,3.9K,2.6K,June
wessamq,wessamq,5.2M,8.3M,860.9K,4.7K,6.2K,June
wigofellas,wigofellas,33.3M,3.2M,163.5K,606,1.3K,June
williamlast_krm,William Last KRM,4.6M,2M,210.6K,2.9K,2.4K,June
williesalim,WILLIE SALIM,13.3M,4.3M,260.8K,6K,1.8K,June
wisdm8,Wisdom Kaye,8.2M,1.4M,277.5K,2.6K,1.6K,June
wuesilva,Wue Silva,12.5M,1.9M,236.4K,1.6K,1.6K,June
xtnam1,Lee,2M,1.3M,352.8K,1.5K,1.2K,June
xxlechuga,Daniel Lechuga,4.1M,1.2M,293.1K,1.3K,2K,June
xxxten1369,XXXTENTACION,3.7M,2.8M,335.1K,1K,1.8K,June
yahia_x,ÙŠØ­ÙŠÙ‰ Ø§Ù„Ø²Ø¹Ø¨ÙŠ,2.2M,4M,189.9K,1K,3.1K,June
yasincengiz38,YasinCengiz,1.5M,5.3M,141.5K,433,4.5K,June
yescyrille,Yescyrille,3M,3M,196.5K,967,2.2K,June
yesimresmi1,~YEÅžÄ°M,16.6M,3.3M,223.4K,1.5K,850,June
yg_treasure_tiktok,yg_treasure_official,4.2M,2.3M,645.4K,10.2K,6.2K,June
ygnazz,NAS,1.5M,1.2M,214.8K,1.6K,2.6K,June
yizaroff,YIZARO,4.9M,1.8M,252.2K,2.9K,551,June
yk_osiris,YK Osiris,1.9M,3M,373.6K,4K,6.3K,June
yogaarizona,Yoga Arizona,1M,3.7M,352.7K,1.8K,1.9K,June
yucholoco,Sintya Marisca,2.2M,2M,226.2K,6.8K,3.9K,June
yunggravy,Yung Gravy ðŸ¯,3.8M,2.8M,431.9K,2.7K,3K,June
yurielkysojeda,Yurielkys Ojeda,13.7M,2M,293.7K,1.3K,515,June
yzn47,ÙŠØ²Ù† Ø§Ù„Ø£Ø³Ù…Ø±,6.1M,13.1M,555.5K,3.6K,20.1K,June
zachking,Zach King,68.8M,3.5M,394.4K,1.4K,650,June
zakuryyy,ZAK,423.5K,2.6M,359.3K,1.9K,5K,June
zappingtv.it,ZappingTv.it,146.2K,2.3M,150K,426,2K,June
zara,ZARA,2.6M,6.2M,235.5K,786,399,June
zeinabharake,Zeinab Harake,13.5M,2.6M,399.2K,1.5K,637,June
zeth,Zeth,12.5M,6.7M,1.3M,3K,7.7K,June
zodiac.boyfriend,Zodiac BoyfriendðŸªðŸ”®,1.8M,1.9M,272.7K,6.8K,3.6K,June
zowloficial,Lord Zowl,1.1M,1.4M,178.1K,1.4K,2.1K,June
zrt.foot,ZR7,100.8K,2.3M,218K,1.7K,6.4K,June
zubarefff,Ð—ÑƒÐ±Ð°Ñ€ÐµÐ² ÐÐ»ÐµÐºÑÐ°Ð½Ð´Ñ€,4M,1.9M,249K,1.3K,1.6K,June
